Rank,Game Title,Platform,Year,fa,Publisher,North America,Europe,Japan,Rest of World,Global
1,Wii Sports,Wii,2006,Sports,Nintendo,41.29,28.91,3.77,8.44,82.4
2,Super Mario Bros.,NES,1985,Platform,Nintendo,29.08,3.58,6.81,0.77,40.24
3,Mario Kart Wii,Wii,2008,Racing,Nintendo,15.5,12.61,3.77,3.25,35.13
4,Wii Sports Resort,Wii,2009,Sports,Nintendo,15.55,10.87,3.27,2.93,32.62
5,Pokemon Red / Green / Blue Version,GB,1996,Role-Playing,Nintendo,11.27,8.89,10.22,1,31.37
6,Tetris,GB,1989,Puzzle,Nintendo,23.2,2.26,4.22,0.58,30.26
7,New Super Mario Bros.,DS,2006,Platform,Nintendo,11.2,9.08,6.49,2.87,29.66
8,Wii Play,Wii,2006,Misc,Nintendo,13.95,9.17,2.93,2.84,28.88
9,Duck Hunt,NES,1984,Shooter,Nintendo,26.93,0.63,0.28,0.47,28.31
10,New Super Mario Bros. Wii,Wii,2009,Platform,Nintendo,14.25,6.79,4.7,2.2,27.94
11,Nintendogs,DS,2005,Simulation,Nintendo,9.05,10.93,1.93,2.75,24.65
12,Mario Kart DS,DS,2005,Racing,Nintendo,9.67,7.42,4.13,1.9,23.11
13,Pokemon Gold / Silver Version,GB,1999,Role-Playing,Nintendo,9,6.18,7.2,0.71,23.1
14,Wii Fit,Wii,2007,Sports,Nintendo,8.92,8.03,3.6,2.14,22.69
15,Wii Fit Plus,Wii,2009,Sports,Nintendo,8.98,8.42,2.53,1.78,21.71
16,Kinect Adventures!,X360,2010,Misc,Microsoft Game Studios,14.71,4.85,0.24,1.63,21.43
17,Grand Theft Auto: San Andreas,PS2,2004,Action,Take-Two Interactive,9.43,0.4,0.41,10.57,20.81
18,Super Mario World,SNES,1990,Platform,Nintendo,12.78,3.75,3.54,0.55,20.61
19,Brain Age: Train Your Brain in Minutes a Day,DS,2005,Misc,Nintendo,4.74,9.17,4.16,2.04,20.12
20,Grand Theft Auto V,PS3,2013,Action,Take-Two Interactive,6.44,8.19,0.89,3.84,19.36
21,Pokemon Diamond / Pearl Version,DS,2006,Role-Playing,Nintendo,6.37,4.44,6.04,1.36,18.21
22,Super Mario Land,GB,1989,Platform,Nintendo,10.83,2.71,4.18,0.42,18.14
23,Super Mario Bros. 3,NES,1988,Platform,Nintendo,9.54,3.44,3.84,0.46,17.28
24,Grand Theft Auto: Vice City,PS2,2002,Action,Take-Two Interactive,8.41,5.49,0.47,1.78,16.15
25,Pokemon Ruby / Sapphire Version,GBA,2002,Role-Playing,Nintendo,6.06,3.9,5.38,0.5,15.85
26,Brain Age 2: More Training in Minutes a Day,DS,2005,Misc,Nintendo,3.43,5.35,5.32,1.18,15.28
27,Pokemon Black / White Version,DS,2010,Role-Playing,Nintendo,5.49,3.12,5.65,0.81,15.07
28,Grand Theft Auto V,X360,2013,Action,Take-Two Interactive,8.82,4.91,0.06,1.24,15.03
29,Gran Turismo 3: A-Spec,PS2,2001,Racing,Sony Computer Entertainment,6.85,5.09,1.87,1.16,14.98
30,Pokemon Yellow: Special Pikachu Edition,GB,1998,Role-Playing,Nintendo,5.89,5.04,3.12,0.59,14.64
31,Call of Duty: Modern Warfare 3,X360,2011,Shooter,Activision,8.88,4.19,0.13,1.3,14.49
32,Call of Duty: Black Ops,X360,2010,Shooter,Activision,9.44,3.63,0.11,1.09,14.28
33,Call of Duty: Modern Warfare 2,X360,2009,Shooter,Activision,8.46,3.56,0.08,1.28,13.38
34,Call of Duty: Black Ops II,PS3,2012,Shooter,Activision,4.83,5.5,0.59,2.45,13.37
35,Call of Duty: Black Ops II,X360,2012,Shooter,Activision,7.99,4.15,0.06,1.08,13.29
36,Call of Duty: Modern Warfare 3,PS3,2011,Shooter,Activision,5.47,5.65,0.49,1.59,13.19
37,Grand Theft Auto III,PS2,2001,Action,Take-Two Interactive,6.99,4.51,0.3,1.3,13.1
38,Pokemon X/Y,3DS,2013,Role-Playing,Nintendo,4.41,3.26,4.29,0.74,12.69
39,Super Smash Bros. Brawl,Wii,2008,Fighting,Nintendo,6.48,2.47,2.64,0.98,12.57
40,Call of Duty: Black Ops,PS3,2010,Shooter,Activision,5.86,4.3,0.48,1.8,12.44
41,Animal Crossing: Wild World,DS,2005,Simulation,Nintendo,2.48,3.42,5.33,0.87,12.09
42,Halo 3,X360,2007,Shooter,Microsoft Game Studios,7.88,2.81,0.13,1.19,12.02
43,Super Mario 64,N64,1996,Platform,Nintendo,6.91,2.85,1.91,0.23,11.89
44,Pokemon Heart Gold / Soul Silver Version,DS,2009,Role-Playing,Nintendo,4.31,2.69,3.96,0.76,11.71
45,Gran Turismo 4,PS2,2004,Racing,Sony Computer Entertainment,3.01,0.01,1.1,7.53,11.66
46,The Sims,PC,2000,Simulation,Electronic Arts,11.22,0.02,0,0,11.24
47,Super Mario Galaxy,Wii,2007,Platform,Nintendo,6,3.3,1.2,0.73,11.23
48,Super Mario Land 2: 6 Golden Coins,GB,1992,Platform,Nintendo,6.16,2.04,2.69,0.29,11.18
49,Gran Turismo,PS,1997,Racing,Sony Computer Entertainment,4.02,3.87,2.54,0.52,10.95
50,Grand Theft Auto IV,X360,2008,Action,Take-Two Interactive,6.67,3.06,0.14,1.01,10.88
51,Mario Kart 7,3DS,2011,Racing,Nintendo,4.11,3.25,2.47,0.78,10.61
52,Gran Turismo 5,PS3,2010,Racing,Sony Computer Entertainment,2.89,4.77,0.81,2.11,10.58
53,Super Mario All-Stars,SNES,1993,Platform,Nintendo,5.99,2.15,2.12,0.29,10.55
54,Call of Duty: Modern Warfare 2,PS3,2009,Shooter,Activision,4.95,3.59,0.38,1.61,10.53
55,Pokemon FireRed / LeafGreen Version,GBA,2004,Role-Playing,Nintendo,4.34,2.65,3.15,0.35,10.49
56,Grand Theft Auto IV,PS3,2008,Action,Take-Two Interactive,4.69,3.64,0.44,1.59,10.35
57,Super Mario 64,DS,2004,Platform,Nintendo,4.99,3.04,1.25,0.96,10.24
58,World of Warcraft,PC,2004,Role-Playing,Activision,3.96,6.13,0,0,10.09
59,Super Mario 3D Land,3DS,2011,Platform,Nintendo,4.57,2.71,2.07,0.73,10.08
60,Just Dance 3,Wii,2011,Misc,Ubisoft,5.92,3.1,0,1.05,10.07
61,Mario Kart 64,N64,1996,Racing,Nintendo,5.55,1.94,2.23,0.15,9.87
62,Final Fantasy VII,PS,1997,Role-Playing,Sony Computer Entertainment,3.01,2.47,3.28,0.96,9.72
63,Halo: Reach,X360,2010,Shooter,Microsoft Game Studios,6.94,1.92,0.08,0.77,9.71
64,Call of Duty: Ghosts,PS3,2013,Shooter,Activision,3.74,3.51,0.38,1.91,9.55
65,Call of Duty: Ghosts,X360,2013,Shooter,Activision,6.28,2.49,0.04,0.73,9.54
66,Gran Turismo 2,PS,1999,Racing,Sony Computer Entertainment,3.88,3.42,1.69,0.5,9.49
67,Just Dance 2,Wii,2010,Misc,Ubisoft,5.8,2.84,0.01,0.77,9.42
68,Halo 4,X360,2012,Shooter,Microsoft Game Studios,6.44,2.22,0.04,0.7,9.41
69,Donkey Kong Country,SNES,1994,Platform,Nintendo,4.36,1.71,3,0.23,9.3
70,Call of Duty 4: Modern Warfare,X360,2007,Shooter,Activision,5.83,2.34,0.13,0.88,9.17
71,Mario Party DS,DS,2007,Misc,Nintendo,4.38,1.83,1.98,0.68,8.88
72,Super Mario Kart,SNES,1992,Racing,Nintendo,3.54,1.24,3.81,0.18,8.76
73,New Super Mario Bros. 2,3DS,2012,Platform,Nintendo,3.29,2.41,2.35,0.54,8.59
74,Halo 2,XB,2004,Shooter,Microsoft Game Studios,6.82,1.53,0.05,0.08,8.49
75,The Elder Scrolls V: Skyrim,X360,2011,Role-Playing,Bethesda Softworks,4.73,2.73,0.1,0.8,8.36
76,Wii Party,Wii,2010,Misc,Nintendo,1.74,3.42,2.49,0.68,8.33
77,Mario Party 8,Wii,2007,Misc,Nintendo,3.72,2.18,1.58,0.71,8.19
78,FIFA Soccer 13,PS3,2012,Action,Electronic Arts,1.03,4.97,0.13,2.01,8.14
79,GoldenEye 007,N64,1997,Shooter,Nintendo,5.8,2.01,0.13,0.15,8.09
80,Final Fantasy X,PS2,2001,Role-Playing,Sony Computer Entertainment,2.91,2.07,2.73,0.33,8.05
81,Myst,PC,1994,Adventure,Red Orb,4.91,2.79,0,0.33,8.03
82,Mario & Sonic at the Olympic Games,Wii,2007,Sports,Sega,2.57,3.84,0.66,0.91,7.97
83,Pokemon Omega Ruby/Pokemon Alpha Sapphire,3DS,2014,Role-Playing,Nintendo,3.04,1.73,2.69,0.43,7.9
84,Pokemon Black / White Version 2,DS,2012,Role-Playing,Nintendo,2.71,1.63,3.12,0.4,7.86
85,Final Fantasy VIII,PS,1999,Role-Playing,SquareSoft,2.28,1.72,3.63,0.23,7.86
86,Pac-Man,2600,1982,Puzzle,Atari,7.28,0.45,0,0.08,7.81
87,The Sims 3,PC,2009,Simulation,Electronic Arts,0.81,6.15,0,0.72,7.69
88,Pokemon Platinum Version,DS,2008,Role-Playing,Nintendo,2.74,1.7,2.69,0.54,7.67
89,Animal Crossing: New Leaf,3DS,2012,Action,Nintendo,1.58,1.7,4.04,0.35,7.67
90,Grand Theft Auto: Liberty City Stories,PSP,2005,Action,Take-Two Interactive,2.88,2.8,0.24,1.74,7.65
91,The Legend of Zelda: Ocarina of Time,N64,1998,Action,Nintendo,4.1,1.89,1.45,0.16,7.6
92,Crash Bandicoot 2: Cortex Strikes Back,PS,1997,Platform,Sony Computer Entertainment,3.78,2.17,1.31,0.31,7.58
93,Super Mario Bros. 2,NES,1988,Platform,Nintendo,5.39,1.18,0.7,0.19,7.46
94,Super Mario Galaxy 2,Wii,2010,Platform,Nintendo,3.52,2.28,0.98,0.62,7.4
95,Battlefield 3,X360,2011,Shooter,Electronic Arts,4.39,2.1,0.06,0.68,7.24
96,Call of Duty: World at War,X360,2008,Shooter,Activision,4.69,1.85,0,0.67,7.21
97,Need for Speed Underground,PS2,2003,Racing,Electronic Arts,3.27,2.83,0.08,1.02,7.2
98,Just Dance,Wii,2009,Misc,Ubisoft,3.48,2.97,0,0.73,7.17
99,Tekken 3,PS,1998,Fighting,Sony Computer Entertainment,3.27,2.22,1.4,0.29,7.16
100,Crash Bandicoot 3: Warped,PS,1998,Platform,Sony Computer Entertainment,3.68,1.75,1.42,0.28,7.13
101,Battlefield 3,PS3,2011,Shooter,Electronic Arts,2.79,2.86,0.35,1.09,7.09
102,The Legend of Zelda: Twilight Princess,Wii,2006,Action,Nintendo,3.71,2.09,0.6,0.68,7.08
103,MineCraft,X360,2013,Adventure,Microsoft Game Studios,4.34,2.15,0.02,0.57,7.08
104,Super Smash Bros. Melee,GC,2001,Fighting,Nintendo,4.41,1.04,1.39,0.22,7.07
105,Mario Kart: Double Dash!!,GC,2003,Racing,Nintendo,4.12,1.77,0.87,0.19,6.95
106,Need for Speed Underground 2,PS2,2004,Racing,Electronic Arts,2.71,3.02,0.08,1.09,6.9
107,Medal of Honor: Frontline,PS2,2002,Shooter,Electronic Arts,2.93,2.75,0.17,0.99,6.83
108,Crash Bandicoot,PS,1996,Platform,Sony Computer Entertainment,3.23,2.35,0.94,0.3,6.82
109,FIFA Soccer 14,PS3,2013,Sports,Electronic Arts,0.73,4.09,0.07,1.87,6.76
110,Gears of War 2,X360,2008,Shooter,Microsoft Game Studios,4.12,1.9,0.06,0.63,6.72
111,Just Dance 4,Wii,2012,Misc,Ubisoft,4.03,2.12,0,0.55,6.7
112,Zumba Fitness,Wii,2010,Sports,505 Games,3.44,2.57,0,0.66,6.67
113,Uncharted 3: Drake's Deception,PS3,2011,Action,Sony Computer Entertainment,2.7,2.7,0.19,1.05,6.64
114,FIFA Soccer 12,PS3,2011,Sports,Electronic Arts,0.81,4.29,0.11,1.41,6.63
115,Big Brain Academy,DS,2005,Misc,Nintendo,1.66,2.73,1.6,0.62,6.61
116,Call of Duty 4: Modern Warfare,PS3,2007,Shooter,Activision,3.05,2.24,0.28,1.02,6.58
117,Uncharted 2: Among Thieves,PS3,2009,Action,Sony Computer Entertainment,3.22,2.16,0.21,0.98,6.57
118,The Legend of Zelda,NES,1986,Action,Nintendo,3.74,0.93,1.69,0.14,6.51
119,Halo: Combat Evolved,XB,2001,Shooter,Microsoft Game Studios,4.98,1.3,0.08,0.07,6.43
120,Pokemon Emerald Version,GBA,2004,Role-Playing,Nintendo,2.57,1.58,2.06,0.21,6.41
121,Kingdom Hearts,PS2,2002,Role-Playing,Sony Computer Entertainment,3.64,1.2,1.49,0.07,6.4
122,Pokemon Crystal Version,GB,2000,Role-Playing,Nintendo,2.55,1.56,1.29,0.99,6.39
123,Donkey Kong Country Returns,Wii,2010,Platform,Nintendo,3.14,1.72,1.03,0.45,6.34
124,Red Dead Redemption,PS3,2010,Action,Take-Two Interactive,2.7,2.46,0.17,1,6.32
125,Assassin's Creed III,PS3,2012,Action,Ubisoft,2.53,2.49,0.16,1.14,6.32
126,Super Mario Sunshine,GC,2002,Platform,Nintendo,4.01,1.26,0.87,0.17,6.31
127,Street Fighter II: The World Warrior,SNES,1992,Fighting,Capcom,2.47,0.83,2.87,0.12,6.3
128,Halo 3: ODST,X360,2009,Shooter,Microsoft Game Studios,4.31,1.33,0.06,0.61,6.3
129,Driver,PS,1999,Action,GT Interactive,3.11,2.8,0.02,0.33,6.27
130,Call of Duty: Advanced Warfare,PS4,2014,Shooter,Activision,2.32,2.58,0.11,1.24,6.25
131,Red Dead Redemption,X360,2010,Action,Take-Two Interactive,3.61,1.91,0.09,0.56,6.17
132,Grand Theft Auto V,PS4,2014,Action,Take-Two Interactive,2.09,2.64,0.16,1.25,6.14
133,Gears of War 3,X360,2011,Shooter,Microsoft Game Studios,4,1.57,0.07,0.49,6.13
134,Gears of War,X360,2006,Shooter,Microsoft Game Studios,3.52,1.88,0.07,0.6,6.07
135,The Elder Scrolls V: Skyrim,PS3,2011,Role-Playing,Bethesda Softworks,2.33,2.5,0.25,0.98,6.07
136,Kinect Sports,X360,2010,Sports,Microsoft Game Studios,3.83,1.7,0.03,0.49,6.05
137,Metal Gear Solid 2: Sons of Liberty,PS2,2001,Action,Konami Digital Entertainment,2.45,2.01,0.87,0.72,6.05
138,Sonic the Hedgehog 2,GEN,1992,Platform,Sega,4.47,1.2,0.16,0.19,6.03
139,Metal Gear Solid,PS,1998,Action,Konami Digital Entertainment,3.18,1.83,0.78,0.24,6.03
140,Final Fantasy XII,PS2,2006,Role-Playing,Square Enix,1.88,0,2.33,1.74,5.95
141,Metal Gear Solid 4: Guns of the Patriots,PS3,2008,Action,Konami Digital Entertainment,2.61,1.69,0.83,0.82,5.95
142,Resident Evil 2,PS,1998,Action,Virgin Interactive,1.88,1.47,2.02,0.45,5.82
143,Super Smash Bros. for Wii U and 3DS,3DS,2014,Fighting,Nintendo,2.44,0.88,2.18,0.27,5.77
144,Dragon Quest IX: Sentinels of the Starry Skies,DS,2009,Role-Playing,Nintendo,0.61,0.66,4.35,0.14,5.77
145,LittleBigPlanet,PS3,2008,Platform,Sony Computer Entertainment,2.76,1.93,0.17,0.9,5.76
146,Tekken 2,PS,1996,Fighting,Sony Computer Entertainment,2.26,1.89,1.36,0.23,5.74
147,FIFA 15,PS4,2014,Sports,Electronic Arts,0.58,3.51,0.03,1.54,5.66
148,Cooking Mama,DS,2006,Simulation,505 Games,3.05,1.91,0.07,0.57,5.6
149,Tetris,NES,1988,Puzzle,Nintendo,2.97,0.69,1.81,0.11,5.58
150,Super Smash Bros.,N64,1999,Fighting,Nintendo,2.95,0.6,1.97,0.04,5.55
151,LEGO Star Wars: The Complete Saga,Wii,2007,Action,LucasArts,3.52,1.49,0,0.5,5.51
152,Assassin's Creed,X360,2007,Adventure,Ubisoft,3.23,1.65,0.07,0.55,5.49
153,Super Mario Advance,GBA,2001,Platform,Nintendo,3.14,1.24,0.91,0.2,5.49
154,Assassin's Creed II,PS3,2009,Action,Ubisoft,2.49,1.92,0.21,0.86,5.49
155,Mario Kart: Super Circuit,GBA,2001,Racing,Nintendo,2.62,1.64,0.99,0.23,5.47
156,Forza Motorsport 3,X360,2009,Racing,Microsoft Game Studios,2.97,1.89,0.1,0.5,5.47
157,The Last of Us,PS3,2013,Adventure,Sony Computer Entertainment Europe,2.21,2.03,0.26,0.96,5.46
158,Super Mario World,GBA,2001,Platform,Nintendo,3.21,1.11,0.95,0.2,5.46
159,Monster Hunter Freedom Unite,PSP,2008,Role-Playing,Capcom,0.45,0.55,4.13,0.33,5.46
160,Pokemon Stadium,N64,1999,Strategy,Nintendo,3.18,1.24,0.94,0.09,5.45
161,Crash Bandicoot: The Wrath of Cortex,PS2,2001,Platform,Universal Interactive,2.07,2.29,0.24,0.82,5.42
162,Dr. Mario,GB,1989,Puzzle,Nintendo,2.18,0.96,2,0.2,5.34
163,Pokemon Pinball,GB,1999,Misc,Nintendo,3.02,1.12,1.01,0.16,5.31
164,Final Fantasy IX,PS,2000,Role-Playing,SquareSoft,1.62,0.77,2.78,0.14,5.3
165,Final Fantasy X-2,PS2,2003,Role-Playing,Electronic Arts,1.92,1.08,2.11,0.17,5.29
166,Call of Duty: World at War,PS3,2008,Shooter,Activision,2.65,1.81,0,0.81,5.27
167,Donkey Kong 64,N64,1999,Platform,Nintendo,3.33,0.79,1.09,0.06,5.27
168,Final Fantasy XIII,PS3,2009,Role-Playing,Square Enix,1.69,1.2,1.87,0.5,5.26
169,Batman: Arkham City,PS3,2011,Action,Warner Bros. Interactive Entertainment,2.58,1.8,0.11,0.76,5.24
170,Tomb Raider II,PS,1997,Adventure,Eidos Interactive,2.3,2.46,0.2,0.28,5.24
171,Madden NFL 2004,PS2,N/A,Sports,Electronic Arts,4.26,0.26,0.01,0.71,5.23
172,Dragon Quest VIII: Journey of the Cursed King,PS2,2004,Role-Playing,Square Enix,0.65,0.75,3.61,0.2,5.21
173,Super Mario Bros. 3,GBA,2003,Platform,Nintendo,2.93,1.25,0.83,0.2,5.2
174,Assassin's Creed II,X360,2009,Action,Ubisoft,3.05,1.55,0.08,0.51,5.19
175,Super Mario Land 3: Wario Land,GB,1994,Platform,Nintendo,2.49,0.98,1.57,0.15,5.19
176,Assassin's Creed III,X360,2012,Action,Ubisoft,3.03,1.69,0.03,0.43,5.17
177,Professor Layton and the Curious Village,DS,2007,Adventure,Nintendo,1.2,2.42,1.03,0.52,5.17
178,Donkey Kong Country 2: Diddy's Kong Quest,SNES,1995,Platform,Nintendo,2.1,0.74,2.2,0.11,5.15
179,FIFA Soccer 13,X360,2012,Action,Electronic Arts,1.06,3.47,0.03,0.58,5.14
180,Medal of Honor: Rising Sun,PS2,2003,Shooter,Electronic Arts,1.98,2.23,0.13,0.8,5.13
181,Kirby's Dream Land,GB,1992,Platform,Nintendo,2.71,0.61,1.7,0.11,5.13
182,Microsoft Flight Simulator,PC,1996,Simulation,Microsoft Game Studios,3.22,1.69,0,0.2,5.12
183,Guitar Hero II,PS2,2006,Misc,RedOctane,3.81,0.63,0,0.68,5.12
184,Mario & Sonic at the Olympic Games,DS,2008,Sports,Sega,1.62,2.44,0.44,0.58,5.09
185,Super Mario Bros.,GB,1999,Platform,Nintendo,3.4,1.3,0.15,0.22,5.07
186,The Legend of Zelda: Phantom Hourglass,DS,2007,Action,Nintendo,1.83,1.79,0.95,0.48,5.05
187,FIFA Soccer 11,PS3,2010,Sports,Electronic Arts,0.59,3.27,0.06,1.12,5.05
188,Resident Evil 5,PS3,2009,Action,Capcom,1.94,1.4,1.08,0.64,5.05
189,Resident Evil,PS,1996,Action,Virgin Interactive,2.05,1.16,1.11,0.73,5.05
190,Fable III,X360,2010,Role-Playing,Microsoft Game Studios,3.55,1.07,0.05,0.37,5.04
191,Tony Hawk's Pro Skater,PS,1999,Sports,Activision,3.42,1.38,0.02,0.2,5.02
192,Grand Theft Auto: Vice City Stories,PSP,2006,Action,Take-Two Interactive,1.68,1.97,0.16,1.2,5.01
193,Warzone 2100,PS,1999,Strategy,Eidos Interactive,2.79,1.89,0,0.33,5.01
194,Spyro the Dragon,PS,1998,Platform,Sony Computer Entertainment,3.36,1.36,0.07,0.21,5
195,Guitar Hero III: Legends of Rock,PS2,2007,Misc,Activision,3.49,0.01,0.01,1.48,4.98
196,Link's Crossbow Training,Wii,2007,Shooter,Nintendo,3.05,1.17,0.29,0.46,4.97
197,Pokemon Mystery Dungeon: Explorers of Time / Darkness,DS,2007,Role-Playing,Nintendo,1.83,1.18,1.54,0.37,4.93
198,Madden NFL 06,PS2,2005,Sports,Electronic Arts,3.98,0.26,0.01,0.66,4.91
199,Diddy Kong Racing,N64,1997,Racing,Nintendo,2.91,0.99,0.89,0.1,4.88
200,Monster Hunter Freedom 3,PSP,2010,Role-Playing,Capcom,0,0,4.87,0,4.87
201,Dr. Mario,NES,1990,Puzzle,Nintendo,2.62,0.6,1.52,0.1,4.85
202,Uncharted: Drake's Fortune,PS3,2007,Action,Sony Computer Entertainment,2.24,1.71,0.12,0.76,4.83
203,Assassin's Creed,PS3,2007,Adventure,Ubisoft,1.88,2,0.09,0.83,4.8
204,Crash Team Racing,PS,1999,Racing,Sony Computer Entertainment,2.57,1.57,0.44,0.21,4.79
205,God of War III,PS3,2010,Action,Sony Computer Entertainment,2.71,1.32,0.12,0.62,4.77
206,Driver 2,PS,2000,Action,Atari,2.36,2.1,0.02,0.25,4.73
207,The Simpsons: Hit & Run,PS2,2003,Racing,Vivendi Games,1.73,2.19,0,0.79,4.7
208,LEGO Star Wars: The Complete Saga,DS,2007,Action,LucasArts,2.81,1.44,0,0.45,4.7
209,Tony Hawk's Pro Skater 2,PS,2000,Sports,Activision,3.05,1.41,0.02,0.2,4.68
210,New Super Mario Bros. U,WiiU,2012,Action,Nintendo,2.16,1.01,1.23,0.28,4.68
211,The Lord of the Rings: The Two Towers,PS2,2002,Action,Electronic Arts,1.94,1.95,0.08,0.7,4.67
212,StarCraft II: Wings of Liberty,PC,2010,Strategy,Activision,2.48,1.59,0,0.59,4.65
213,Diablo III,PC,2012,Role-Playing,Activision,2.18,1.88,0,0.59,4.65
214,Tomb Raider,PS,1996,Action,Eidos Interactive,2.29,1.97,0.13,0.24,4.63
215,The Legend of Zelda: A Link to the Past,SNES,1991,Action,Nintendo,2.42,0.91,1.15,0.13,4.61
216,Animal Crossing: City Folk,Wii,2008,Simulation,Nintendo,1.81,1.12,1.32,0.36,4.61
217,The Legend of Zelda: The Wind Waker,GC,2002,Action,Nintendo,2.6,0.99,0.89,0.13,4.6
218,Destiny,PS4,2014,Action,Activision,2.04,1.62,0.14,0.81,4.6
219,Guitar Hero III: Legends of Rock,Wii,2007,Misc,Activision,3.04,1.11,0,0.43,4.59
220,Batman: Arkham City,X360,2011,Action,Warner Bros. Interactive Entertainment,2.89,1.25,0.04,0.39,4.58
221,Fallout 3,X360,2008,Role-Playing,Bethesda Softworks,3.09,0.96,0.09,0.4,4.54
222,Madden NFL 2005,PS2,2004,Sports,Electronic Arts,4.18,0.26,0.01,0.08,4.53
223,Mario & Sonic at the Olympic Winter Games,Wii,2009,Sports,Sega,1.87,1.94,0.22,0.48,4.51
224,Pitfall!,2600,1981,Platform,Activision,4.21,0.24,0,0.05,4.5
225,Guitar Hero III: Legends of Rock,X360,2007,Misc,Activision,3.16,0.91,0.01,0.41,4.49
226,Madden NFL 07,PS2,2006,Sports,Electronic Arts,3.63,0.24,0.01,0.61,4.49
227,Spider-Man: The Movie,PS2,2002,Action,Activision,2.71,1.51,0.03,0.23,4.48
228,Dragon Quest VII,PS,2000,Role-Playing,Enix Corporation,0.2,0.14,4.1,0.02,4.47
229,God of War,PS2,2005,Action,Sony Computer Entertainment,2.71,1.29,0.02,0.43,4.45
230,Forza Motorsport 4,X360,2011,Racing,Microsoft Game Studios,1.98,1.94,0.06,0.45,4.43
231,Tony Hawk's Pro Skater 3,PS2,2001,Sports,Activision,2.66,1.29,0.01,0.46,4.41
232,Winning Eleven: Pro Evolution Soccer 2007,PS2,2006,Sports,Konami Digital Entertainment,0.1,2.39,1.05,0.86,4.39
233,Zelda II: The Adventure of Link,NES,1987,Adventure,Nintendo,2.19,0.5,1.61,0.08,4.38
234,Need for Speed: Most Wanted,PS2,2005,Racing,Electronic Arts,2.03,1.79,0.08,0.47,4.37
235,Michael Jackson: The Experience,Wii,2010,Misc,Ubisoft,2.63,1.31,0.01,0.39,4.34
236,Sonic the Hedgehog,GEN,1991,Platform,Sega,3.03,0.91,0.26,0.13,4.34
237,Kingdom Hearts II,PS2,2005,Role-Playing,Square Enix,2.2,0.58,1.38,0.17,4.33
238,Asteroids,2600,1980,Shooter,Atari,4,0.26,0,0.05,4.31
239,Mario Kart 8,WiiU,2014,Racing,Nintendo,1.9,1.19,0.92,0.29,4.3
240,Resistance: Fall of Man,PS3,2006,Shooter,Sony Computer Entertainment,1.69,1.71,0.14,0.73,4.28
241,The Elder Scrolls IV: Oblivion,X360,2006,Role-Playing,Take-Two Interactive,2.73,1.02,0.13,0.38,4.27
242,Namco Museum,GBA,2001,Misc,Namco Bandai Games,3,1.11,0.05,0.07,4.24
243,Fable II,X360,2008,Role-Playing,Microsoft Game Studios,2.48,1.23,0.11,0.41,4.23
244,FIFA Soccer 14,X360,2013,Sports,Electronic Arts,0.87,2.87,0.01,0.48,4.23
245,Metal Gear Solid 3: Snake Eater,PS2,2004,Action,Konami Digital Entertainment,1.46,0,0.83,1.93,4.23
246,Call of Duty: Advanced Warfare,XOne,2014,Shooter,Activision,2.75,1.24,0.01,0.22,4.22
247,Warcraft II: Tides of Darkness,PC,1995,Strategy,Activision,1.7,2.27,0,0.23,4.21
248,FIFA Soccer 06,PS2,2005,Sports,Electronic Arts,0.78,2.55,0.04,0.84,4.21
249,EyeToy Play,PS2,2003,Misc,Sony Computer Entertainment,0.88,2.3,0.2,0.83,4.2
250,Assassin's Creed: Revelations,PS3,2011,Action,Ubisoft,1.38,2,0.1,0.72,4.2
251,Gran Turismo 5 Prologue,PS3,2007,Racing,Sony Computer Entertainment,1.27,1.82,0.57,0.53,4.18
252,Teenage Mutant Ninja Turtles,NES,1989,Platform,Palcom,3.38,0.44,0.31,0.04,4.17
253,Excitebike,NES,1984,Racing,Nintendo,2.04,0.48,1.57,0.07,4.16
254,Frogger,PS,1997,Action,Hasbro Interactive,3.79,0.27,0,0.11,4.16
255,Daxter,PSP,2006,Platform,Sony Computer Entertainment,2.41,1.01,0,0.73,4.15
256,FIFA Soccer 12,X360,2011,Sports,Electronic Arts,0.81,2.78,0.02,0.53,4.15
257,Madden NFL 2003,PS2,2002,Sports,Electronic Arts,3.36,0.21,0.01,0.56,4.14
258,Assassin's Creed: Revelations,X360,2011,Action,Ubisoft,2.2,1.47,0.04,0.43,4.14
259,Batman: Arkham Asylum,PS3,2009,Action,Eidos Interactive,2.18,1.29,0.07,0.59,4.13
260,FIFA 15,PS3,2014,Sports,Electronic Arts,0.4,2.56,0.04,1.12,4.12
261,Super Mario World 2: Yoshi's Island,SNES,1995,Platform,Nintendo,1.65,0.61,1.76,0.09,4.12
262,Half-Life,PC,1997,Shooter,Vivendi Games,4.03,0,0.09,0,4.12
263,Luigi's Mansion: Dark Moon,3DS,2013,Adventure,Nintendo,1.56,1.23,1.06,0.27,4.12
264,FIFA 07 Soccer,PS2,2006,Sports,Electronic Arts,0.71,2.48,0.03,0.89,4.11
265,Street Fighter II Turbo,SNES,1992,Fighting,Capcom,1.42,0.51,2.1,0.07,4.1
266,World of Warcraft: The Burning Crusade,PC,2007,Role-Playing,Activision,2.57,1.52,0,0,4.09
267,Street Fighter IV,PS3,2009,Fighting,Capcom,1.96,1.02,0.57,0.51,4.07
268,God of War II,PS2,2007,Action,Sony Computer Entertainment,2.32,0.04,0.04,1.67,4.07
269,World Soccer Winning Eleven 9,PS2,2005,Sports,Konami Digital Entertainment,0.12,2.26,0.9,0.77,4.06
270,Namco Museum Vol.3,PS,1996,Misc,Sony Computer Entertainment,2.28,1.55,0.16,0.06,4.05
271,Tekken Tag Tournament,PS2,2000,Fighting,Namco Bandai Games,1.68,1.51,0.51,0.35,4.05
272,Carnival Games,Wii,2007,Misc,Take-Two Interactive,2.11,1.46,0.05,0.42,4.04
273,Forza Motorsport 2,X360,2007,Racing,Microsoft Game Studios,2.33,1.27,0.03,0.41,4.04
274,Star Fox 64,N64,1997,Shooter,Nintendo,2.78,0.58,0.64,0.04,4.03
275,Golf,NES,1984,Sports,Nintendo,1.22,0.28,2.46,0.04,4.01
276,Namco Museum: 50th Anniversary,PS2,2005,Misc,Namco Bandai Games,2.08,1.35,0,0.54,3.98
277,Tomodachi Life,3DS,2013,Simulation,Nintendo,0.66,1.29,1.77,0.23,3.94
278,Professor Layton and the Diabolical Box,DS,2007,Adventure,Nintendo,0.89,1.74,0.92,0.37,3.92
279,Donkey Kong Land,GB,1994,Platform,Nintendo,1.97,0.76,1.07,0.11,3.91
280,Tony Hawk's Underground,PS2,2003,Sports,Activision,2.29,1.17,0.01,0.42,3.9
281,EA Sports Active,Wii,2009,Sports,Electronic Arts,2.08,1.35,0.06,0.4,3.89
282,The Legend of Zelda: Skyward Sword,Wii,2011,Action,Nintendo,1.99,1.14,0.37,0.38,3.88
283,Left 4 Dead 2,X360,2009,Shooter,Electronic Arts,2.6,0.87,0.05,0.36,3.88
284,Tekken 5,PS2,2005,Fighting,Namco Bandai Games,0.93,1.94,0.31,0.7,3.87
285,Dragon Quest III,NES,1988,Role-Playing,Enix Corporation,0.1,0,3.77,0,3.87
286,Nintendo Land,WiiU,2012,Action,Nintendo,2.26,0.89,0.44,0.26,3.85
287,World Soccer Winning Eleven 8 International,PS2,2004,Sports,Konami Digital Entertainment,0.16,1.89,1.12,0.68,3.85
288,MotorStorm,PS3,2006,Racing,Sony Computer Entertainment,1.51,1.6,0.06,0.67,3.84
289,RollerCoaster Tycoon,PC,N/A,Strategy,Microprose,3.82,0.02,0,0,3.84
290,Namco Museum Vol.1,PS,1995,Misc,Sony Computer Entertainment,2.12,1.44,0.22,0.06,3.84
291,The Legend of Zelda: Link's Awakening,GB,1992,Action,Nintendo,2.21,0.96,0.54,0.13,3.83
292,Flash Focus: Vision Training in Minutes a Day,DS,2007,Misc,Nintendo,0.86,1.56,1.05,0.35,3.83
293,Assassin's Creed IV: Black Flag,PS3,2013,Action,Ubisoft,1.2,1.65,0.12,0.84,3.82
294,Fallout: New Vegas,X360,2010,Role-Playing,Bethesda Softworks,2.44,1.01,0.04,0.29,3.79
295,Big Brain Academy: Wii Degree,Wii,2007,Misc,Nintendo,1.05,1.9,0.41,0.43,3.78
296,Call of Duty: Advanced Warfare,PS3,2014,Shooter,Activision,1.31,1.55,0.17,0.74,3.78
297,Resident Evil Director's Cut,PS,1996,Action,Virgin Interactive,1.82,1.24,0.47,0.25,3.77
298,Sports Champions,PS3,2010,Sports,Sony Computer Entertainment,2.07,1.1,0.1,0.49,3.76
299,The Sims: Unleashed,PC,2002,Simulation,Electronic Arts,2.03,1.56,0,0.17,3.76
300,Mario & Luigi: Bowser's Inside Story,DS,2009,Role-Playing,Nintendo,2.21,0.47,0.81,0.26,3.75
301,StarCraft,PC,1998,Strategy,Activision,3.71,0.03,0,0,3.74
302,Harry Potter and the Sorcerer's Stone,PS,2001,Action,Electronic Arts,1.37,2,0.14,0.22,3.73
303,Ratchet & Clank: Size Matters,PSP,2007,Platform,Sony Computer Entertainment,1.39,1.38,0.1,0.86,3.72
304,LEGO Indiana Jones: The Original Adventures,X360,2008,Adventure,Activision,2.37,1,0,0.35,3.72
305,Resident Evil 3: Nemesis,PS,1999,Action,Eidos Interactive,1.3,0.77,1.54,0.11,3.72
306,Spyro: Year of the Dragon,PS,2000,Platform,Sony Computer Entertainment,1.93,1.58,0,0.19,3.71
307,FIFA Soccer 2005,PS2,2004,Sports,Electronic Arts,0.58,2.48,0.04,0.59,3.7
308,Pokemon Trading Card Game,GB,1998,Strategy,Nintendo,1.49,0.73,1.38,0.1,3.7
309,Mario & Sonic at the London 2012 Olympic Games,Wii,2011,Sports,Sega,1.12,1.84,0.27,0.45,3.69
310,Super Paper Mario,Wii,2007,Platform,Nintendo,1.95,0.84,0.59,0.31,3.69
311,The Elder Scrolls V: Skyrim,PC,2011,Role-Playing,Bethesda Softworks,1.11,1.93,0,0.64,3.68
312,Tomodachi Collection,DS,2009,Misc,Nintendo,0,0,3.67,0,3.67
313,Tony Hawk's Pro Skater 4,PS2,2002,Sports,Activision,2.13,1.18,0.01,0.35,3.67
314,Call of Duty: Advanced Warfare,X360,2014,Shooter,Activision,2.39,0.98,0,0.28,3.66
315,MySims,DS,2007,Simulation,Electronic Arts,1.57,1.59,0.08,0.41,3.65
316,Banjo-Kazooie,N64,1998,Platform,Nintendo,1.87,1.13,0.55,0.1,3.65
317,SOCOM: U.S. Navy SEALs,PS2,2002,Shooter,Sony Computer Entertainment,2.53,0.81,0.06,0.24,3.65
318,Jak and Daxter: The Precursor Legacy,PS2,2001,Platform,Sony Computer Entertainment,2.08,1.09,0.15,0.33,3.64
319,Pokemon Snap,N64,1999,Simulation,Nintendo,2.23,0.68,0.66,0.06,3.63
320,Midnight Club 3: DUB Edition,PSP,2005,Racing,Take-Two Interactive,1.64,1.21,0,0.78,3.63
321,Pro Evolution Soccer 2008,PS2,2007,Sports,Konami Digital Entertainment,0.05,0,0.64,2.93,3.63
322,Resident Evil 4,PS2,2005,Action,Capcom,2.08,0.83,0.46,0.25,3.62
323,Guitar Hero: World Tour,Wii,2008,Misc,Activision,2.31,0.95,0,0.35,3.61
324,Star Wars Battlefront,PS2,2004,Shooter,LucasArts,1.93,1.22,0.03,0.44,3.61
325,Doom II,PC,1994,Shooter,Virgin Interactive,2.05,1.4,0,0.16,3.61
326,The Legend of Zelda: Ocarina of Time,3DS,2011,Action,Nintendo,1.74,1.04,0.57,0.26,3.61
327,The Simpsons: Road Rage,PS2,2001,Racing,Electronic Arts,2.02,1.17,0,0.42,3.61
328,Luigi's Mansion,GC,2001,Action,Nintendo,2.38,0.67,0.46,0.1,3.6
329,FIFA Soccer 10,PS3,2009,Sports,Electronic Arts,0.57,2.45,0.05,0.52,3.59
330,Star Wars Battlefront II,PS2,2005,Shooter,LucasArts,2.18,1.02,0.03,0.37,3.59
331,WWF SmackDown!,PS,2000,Fighting,THQ,2.01,1.35,0.06,0.16,3.58
332,Fallout 3,PS3,2008,Role-Playing,Bethesda Softworks,1.92,1.08,0.07,0.51,3.57
333,Cooking Mama 2: Dinner With Friends,DS,2007,Simulation,505 Games,1.6,1.48,0.1,0.39,3.57
334,Croc: Legend of the Gobbos,PS,1997,Platform,Fox Interactive,1.57,1.79,0,0.2,3.56
335,Grand Theft Auto: Liberty City Stories,PS2,2006,Action,Take-Two Interactive,1.56,1.4,0.07,0.5,3.54
336,The Getaway,PS2,2002,Action,Sony Computer Entertainment,1.23,1.77,0.05,0.49,3.54
337,Watch Dogs,PS4,2014,Action,Ubisoft,1.24,1.49,0.1,0.71,3.54
338,Tomb Raider III: Adventures of Lara Croft,PS,1997,Adventure,Eidos Interactive,1.66,1.58,0.12,0.18,3.54
339,James Bond 007: Agent Under Fire,PS2,2001,Shooter,Electronic Arts,1.9,1.13,0.1,0.41,3.53
340,LEGO Star Wars: The Video Game,PS2,2005,Action,Eidos Interactive,1.98,1.14,0.01,0.41,3.53
341,Nintendogs + cats,3DS,2011,Simulation,Nintendo,1.39,1.16,0.72,0.26,3.53
342,Rugrats in Paris: The Movie,PS,2000,Action,THQ,1.96,1.33,0,0.23,3.52
343,Spyro 2: Ripto's Rage!,PS,1999,Platform,Sony Computer Entertainment,2.14,1.21,0.01,0.17,3.52
344,FIFA Soccer 11,X360,2010,Sports,Electronic Arts,0.69,2.39,0.02,0.4,3.51
345,Donkey Kong Country 3: Dixie Kong's Double Trouble!,SNES,1996,Platform,Nintendo,1.17,0.5,1.75,0.08,3.51
346,Kung Fu,NES,1985,Action,Nintendo,1.64,0.38,1.42,0.06,3.5
347,FIFA Soccer 2004,PS2,N/A,Sports,Electronic Arts,0.59,2.36,0.04,0.51,3.49
348,Just Dance 2014,Wii,2013,Misc,Ubisoft,1.86,1.33,0,0.31,3.49
349,Left 4 Dead,X360,2008,Shooter,Electronic Arts,2.63,0.49,0.05,0.29,3.47
350,Battlefield 4,PS3,2013,Shooter,Electronic Arts,1.2,1.32,0.26,0.68,3.46
351,Diablo,PC,1996,Role-Playing,Activision,1.7,1.58,0,0.17,3.46
352,Guitar Hero: On Tour,DS,2008,Misc,Activision,2.1,1.01,0.01,0.35,3.46
353,Mario & Sonic at the Olympic Winter Games,DS,2009,Sports,Sega,1.2,1.61,0.27,0.38,3.45
354,Clubhouse Games,DS,2006,Misc,Nintendo,0.58,1.78,0.73,0.35,3.44
355,Resident Evil 5,X360,2009,Action,Capcom,2.06,0.92,0.12,0.33,3.44
356,Tekken 4,PS2,2002,Fighting,Namco Bandai Games,1.55,1.27,0.33,0.29,3.44
357,Battlefield: Bad Company 2,X360,2010,Shooter,Electronic Arts,2.07,1,0.04,0.32,3.43
358,Monster Hunter 4,3DS,2013,Role-Playing,Capcom,0,0,3.43,0,3.43
359,Final Fantasy III,SNES,1994,Role-Playing,SquareSoft,0.86,0,2.55,0.02,3.42
360,Grand Theft Auto 2,PS,1998,Adventure,Take-Two Interactive,1.13,2.07,0,0.22,3.42
361,Assassin's Creed: Brotherhood,X360,2010,Action,Ubisoft,2.77,0.38,0.03,0.23,3.41
362,Spider-Man 2,PS2,2004,Action,Activision,1.75,1.2,0.02,0.43,3.41
363,F-1 Race,GB,1990,Racing,Nintendo,1.73,0.69,0.59,0.4,3.41
364,FIFA Soccer 2003,PS2,2002,Sports,Electronic Arts,0.46,2.28,0.05,0.61,3.4
365,Batman: Arkham Asylum,X360,2009,Action,Eidos Interactive,2.13,0.94,0.02,0.29,3.39
366,Crash Bash,PS,2000,Misc,Sony Computer Entertainment,1.56,1.47,0.19,0.17,3.39
367,WWF War Zone,PS,1998,Fighting,Acclaim Entertainment,2.47,0.76,0,0.13,3.36
368,The Legend of Zelda: Majora's Mask,N64,2000,Action,Nintendo,1.9,0.67,0.73,0.06,3.36
369,MineCraft,PS3,2014,Adventure,Sony Computer Entertainment,1.21,1.44,0,0.69,3.34
370,Rugrats: Search For Reptar,PS,1998,Adventure,THQ,1.63,1.53,0,0.18,3.34
371,Borderlands,X360,2009,Shooter,Take-Two Interactive,2.31,0.71,0.03,0.28,3.34
372,English Training: Have Fun Improving Your Skills!,DS,2006,Misc,Nintendo,0,0.99,2.32,0.02,3.33
373,James Bond 007: Nightfire,PS2,2002,Shooter,Electronic Arts,1.45,1.29,0.12,0.46,3.33
374,Ratchet & Clank,PS2,2002,Platform,Sony Computer Entertainment,1.44,1.01,0.57,0.3,3.33
375,Star Wars Episode III: Revenge of the Sith,PS2,2005,Action,LucasArts,1.47,1.39,0.03,0.43,3.32
376,LittleBigPlanet 2,PS3,2011,Platform,Sony Computer Entertainment,1.77,1.03,0.06,0.46,3.31
377,Max Payne,PS2,2001,Shooter,Take-Two Interactive,1.99,1.05,0.05,0.22,3.31
378,LEGO Batman: The Videogame,X360,2008,Adventure,Warner Bros. Interactive Entertainment,1.98,1.01,0,0.31,3.3
379,The Legend of Zelda: Spirit Tracks,DS,2009,Action,Nintendo,1.39,0.9,0.74,0.27,3.29
380,The Lord of the Rings: The Return of the King,PS2,2003,Action,Electronic Arts,1.5,1.28,0.05,0.46,3.28
381,Far Cry 3,PS3,2012,Shooter,Ubisoft,0.83,1.65,0.1,0.7,3.28
382,True Crime: Streets of LA,PS2,2003,Action,Activision,1.89,1.05,0.02,0.31,3.27
383,The Sims 2,PC,2004,Simulation,Electronic Arts,3.09,0.18,0,0,3.27
384,Tekken,PS,1995,Fighting,Sony Computer Entertainment,0.95,1.3,0.77,0.22,3.24
385,Wii Music,Wii,2008,Misc,Nintendo,1.35,1.11,0.46,0.32,3.24
386,Battlefield 4,X360,2013,Shooter,Electronic Arts,2.05,0.91,0.02,0.25,3.23
387,Professor Layton and the Unwound Future,DS,2008,Adventure,Nintendo,0.58,1.55,0.82,0.27,3.23
388,007: Tomorrow Never Dies,PS,1999,Shooter,Electronic Arts,1.72,1.33,0,0.16,3.21
389,Gran Turismo (PSP),PSP,2009,Racing,Sony Computer Entertainment,0.47,1.57,0.31,0.86,3.21
390,Killer Instinct,SNES,1995,Fighting,Nintendo,2.26,0.72,0.12,0.1,3.2
391,Baseball,NES,1983,Sports,Nintendo,0.73,0.1,2.35,0.02,3.2
392,WWF SmackDown! 2: Know Your Role,PS,2000,Fighting,THQ,1.76,1.21,0.07,0.16,3.2
393,Dragon Quest VI: Maboroshi no Daichi,SNES,1995,Role-Playing,Enix Corporation,0,0,3.19,0,3.19
394,Enter the Matrix,PS2,2003,Action,Atari,1.78,1.12,0.09,0.19,3.18
395,Super Smash Bros. for Wii U and 3DS,WiiU,2014,Fighting,Nintendo,1.76,0.62,0.6,0.19,3.18
396,Ace Combat 04: Shattered Skies,PS2,2001,Simulation,Sony Computer Entertainment Europe,2.06,0.56,0.38,0.17,3.17
397,God of War: Chains of Olympus,PSP,2008,Action,Sony Computer Entertainment,1.46,1,0.04,0.66,3.15
398,Animal Crossing,GC,2001,Simulation,Nintendo,1.92,0.16,0.99,0.09,3.15
399,FIFA Soccer 08,PS2,2007,Sports,Electronic Arts,0.68,0,0,2.46,3.14
400,Crisis Core: Final Fantasy VII,PSP,2007,Role-Playing,Square Enix,1.33,0.58,0.8,0.42,3.14
401,Club Penguin: Elite Penguin Force,DS,2008,Adventure,Disney Interactive Studios,1.86,0.97,0,0.3,3.13
402,Spider-Man,PS,2000,Action,Activision,1.7,1.25,0.02,0.16,3.13
403,Need for Speed III: Hot Pursuit,PS,1998,Racing,Electronic Arts,2.14,0.86,0,0.13,3.12
404,Star Wars Episode I Racer,N64,1999,Racing,Nintendo,2.31,0.62,0.14,0.04,3.12
405,Assassin's Creed IV: Black Flag,X360,2013,Action,Ubisoft,1.75,1.1,0.01,0.27,3.12
406,Dragon Quest IV,NES,1990,Role-Playing,Enix Corporation,0.08,0,3.03,0.01,3.12
407,Sonic Rush,DS,2005,Platform,Sega,1.21,1.56,0.06,0.29,3.12
408,Dance Central,X360,2010,Misc,MTV Games,2.1,0.76,0.01,0.25,3.11
409,Youkai Watch 2 Ganso/Honke,3DS,2014,Role-Playing,Level 5,0,0,3.1,0,3.1
410,Personal Trainer: Cooking,DS,2006,Misc,Nintendo,0.89,1,1.03,0.17,3.1
411,L.A. Noire,PS3,2011,Adventure,Take-Two Interactive,1.23,1.25,0.12,0.5,3.1
412,Rhythm Heaven,DS,2008,Misc,Nintendo,0.53,0.5,1.93,0.13,3.1
413,Dragon Ball Z: Budokai,PS2,2002,Fighting,Atari,2.17,0.28,0.55,0.08,3.09
414,Madden NFL 2002,PS2,2001,Sports,Electronic Arts,2.5,0.16,0.01,0.42,3.08
415,World Class Track Meet,NES,1986,Sports,Namco Bandai Games,1.92,0.45,0.64,0.07,3.08
416,Mass Effect 2,X360,2010,Role-Playing,Electronic Arts,1.98,0.8,0.03,0.27,3.08
417,Donkey Kong,GB,1994,Platform,Nintendo,1.57,0.62,0.55,0.34,3.07
418,The Sims: Vacation,PC,2002,Simulation,Electronic Arts,1.72,1.21,0,0.14,3.07
419,Resident Evil 6,PS3,2012,Action,Capcom,0.85,0.92,0.88,0.42,3.07
420,Gran Turismo 6,PS3,2013,Racing,Sony Computer Entertainment,0.5,1.51,0.38,0.67,3.07
421,Assassin's Creed: Unity,PS4,2014,Action,Ubisoft,0.79,1.5,0.07,0.69,3.05
422,The Elder Scrolls IV: Oblivion,PS3,2007,Role-Playing,Ubisoft,1.65,0.84,0.14,0.41,3.03
423,Kung Fu Panda,X360,2008,Platform,Activision,1.9,0.84,0,0.29,3.03
424,Super Mario 3D World,WiiU,2013,Platform,Nintendo,1.48,0.73,0.63,0.19,3.03
425,Rayman,PS,1995,Platform,Ubisoft,1.54,1.33,0,0.16,3.03
426,Tom Clancy's Splinter Cell,XB,2002,Action,Ubisoft,1.85,1.04,0,0.13,3.02
427,Mike Tyson's Punch-Out!!,NES,1987,Fighting,Nintendo,2.03,0.47,0.45,0.07,3.02
428,WWE SmackDown! Shut Your Mouth,PS2,2002,Sports,THQ,1.45,1.13,0.07,0.38,3.02
429,LEGO Batman: The Videogame,Wii,N/A,Adventure,Warner Bros. Interactive Entertainment,1.79,0.94,0,0.28,3.01
430,LEGO Batman: The Videogame,DS,2008,Adventure,Warner Bros. Interactive Entertainment,1.74,0.98,0,0.28,3.01
431,Call of Duty: Ghosts,PS4,2013,Shooter,Activision,1.52,1.18,0.05,0.26,3.01
432,Dragon Ball Z: Budokai Tenkaichi 3,PS2,2007,Fighting,Atari,1.15,0,0.76,1.09,3
433,wwe Smackdown vs. Raw 2006,PS2,N/A,Fighting,N/A,1.57,1.02,0,0.41,3
434,Killzone 2,PS3,2009,Shooter,Sony Computer Entertainment,1.39,1.06,0.08,0.47,3
435,Mario Party 9,Wii,2012,Misc,Nintendo,1.03,0.99,0.75,0.22,2.99
436,Disney Epic Mickey,Wii,2010,Platform,Disney Interactive Studios,2.04,0.62,0.12,0.22,2.99
437,Star Fox,SNES,1993,Shooter,Nintendo,1.61,0.51,0.8,0.07,2.99
438,The Sims: Livin Large,PC,2000,Misc,Electronic Arts,1.67,1.18,0,0.13,2.99
439,World Soccer Winning Eleven 6 International,PS2,2002,Sports,Konami Digital Entertainment,0.12,1.26,1.16,0.45,2.99
440,Devil May Cry,PS2,2001,Action,Capcom,1.36,0.86,0.64,0.13,2.99
441,Mass Effect 3,X360,2012,Role-Playing,Electronic Arts,1.89,0.83,0.03,0.23,2.97
442,Far Cry 4,PS4,2014,Shooter,Ubisoft,0.74,1.49,0.06,0.68,2.97
443,Borderlands 2,X360,2012,Shooter,Take-Two Interactive,1.83,0.87,0.04,0.23,2.96
444,Saints Row 2,X360,2008,Action,THQ,1.88,0.79,0.02,0.27,2.96
445,Sonic Heroes,PS2,2003,Platform,Sega,1.04,1.37,0.06,0.49,2.96
446,Hitman 2: Silent Assassin,PS2,2002,Action,Eidos Interactive,1.36,1.15,0.04,0.41,2.96
447,Heavy Rain,PS3,2010,Adventure,Sony Computer Entertainment,1.25,1.16,0.06,0.49,2.96
448,Far Cry 3,X360,2012,Shooter,Ubisoft,1.35,1.31,0.02,0.27,2.96
449,Wave Race 64,N64,1996,Racing,Nintendo,1.98,0.58,0.34,0.04,2.94
450,SOCOM II: U.S. Navy SEALs,PS2,2003,Shooter,Sony Computer Entertainment,2.22,0.51,0.06,0.15,2.94
451,WWE SmackDown! vs. RAW 2006,PS2,2005,Fighting,THQ,1.45,1.11,0.04,0.33,2.94
452,Pac-Man Collection,GBA,2001,Puzzle,Atari,2.07,0.77,0.05,0.05,2.94
453,Battlefield: Bad Company 2,PS3,2010,Shooter,Electronic Arts,1.3,1.09,0.08,0.44,2.91
454,Super Mario World 2: Yoshi's Island,GBA,2002,Platform,Nintendo,1.75,0.45,0.62,0.09,2.91
455,Kirby Super Star Ultra,DS,2008,Platform,Nintendo,1.54,0.03,1.19,0.15,2.91
456,NBA 2K13,X360,2012,Action,Take-Two Interactive,2.52,0.2,0.01,0.18,2.91
457,Sonic Mega Collection Plus,PS2,2004,Misc,Sega,1.54,1.14,0,0.22,2.9
458,Monster Hunter 4 Ultimate,3DS,2014,Role-Playing,Nintendo,0.25,0.12,2.49,0.03,2.9
459,World Soccer Winning Eleven 7 International,PS2,2003,Sports,Konami Digital Entertainment,0.08,1.24,1.13,0.45,2.9
460,Hot Shots Golf 3,PS2,2001,Sports,Sony Computer Entertainment,0.99,0.32,1.38,0.2,2.89
461,Sega Superstars Tennis,X360,2008,Sports,Sega,1.75,0.86,0,0.28,2.89
462,Call of Duty: Finest Hour,PS2,2004,Shooter,Activision,1.51,1.12,0.01,0.24,2.89
463,Syphon Filter,PS,1999,Shooter,Sony Computer Entertainment,2.03,0.72,0.02,0.11,2.88
464,Cooking Mama: Cook Off,Wii,2007,Simulation,505 Games,1.41,1.12,0.05,0.3,2.88
465,Mass Effect,X360,2007,Role-Playing,Microsoft Game Studios,1.8,0.78,0.03,0.26,2.88
466,WarioWare: Smooth Moves,Wii,2006,Puzzle,Nintendo,0.85,1.04,0.73,0.26,2.88
467,inFAMOUS,PS3,2009,Action,Sony Computer Entertainment,1.73,0.67,0.12,0.35,2.87
468,Imagine: Babyz,DS,2007,Simulation,Ubisoft,1.3,1.26,0,0.31,2.87
469,Colin McRae Rally,PS,1998,Racing,Codemasters,0.09,2.43,0.12,0.22,2.87
470,Diablo II,PC,2000,Role-Playing,Havas Interactive,2.78,0.08,0,0,2.86
471,Fallout: New Vegas,PS3,2010,Role-Playing,Bethesda Softworks,1.36,0.99,0.1,0.42,2.86
472,Street Fighter IV,X360,2009,Fighting,Capcom,1.76,0.69,0.15,0.25,2.86
473,The Elder Scrolls III: Morrowind,XB,2002,Role-Playing,Ubisoft,2.09,0.63,0.03,0.11,2.86
474,Yoshi's Story,N64,1997,Platform,Nintendo,1.29,0.53,0.98,0.05,2.85
475,F-Zero,SNES,1990,Racing,Nintendo,1.37,0.51,0.89,0.07,2.85
476,Command & Conquer: Red Alert,PC,1996,Strategy,Virgin Interactive,1.37,1.34,0,0.14,2.85
477,Doom,PC,1992,Shooter,id Software,1.61,1.12,0,0.13,2.85
478,WWE SmackDown! vs. Raw,PS2,2002,Fighting,THQ,1.32,1.08,0.04,0.39,2.83
479,Metroid Prime,GC,2002,Shooter,Nintendo,1.96,0.67,0.1,0.09,2.82
480,Finding Nemo,GBA,2003,Action,THQ,1.59,1.05,0.04,0.14,2.82
481,Madden NFL 10,X360,2009,Sports,Electronic Arts,2.51,0.09,0,0.22,2.82
482,The Last of Us,PS4,2014,Adventure,Sony Computer Entertainment,1.18,1.05,0.06,0.52,2.81
483,Imagine: Fashion Designer,DS,2007,Simulation,Ubisoft,1.32,1.19,0,0.3,2.8
484,Madden NFL 13,X360,2012,Sports,Electronic Arts,2.48,0.16,0,0.17,2.8
485,Assassin's Creed: Brotherhood,PS3,2010,Action,Ubisoft,1.84,0.55,0.11,0.3,2.8
486,WWE SmackDown! Here Comes the Pain,PS2,2003,Fighting,THQ,1.32,1.06,0.04,0.38,2.8
487,Hot Shots Golf,PS,1997,Sports,Sony Computer Entertainment,0.29,0.2,2.13,0.18,2.79
488,A Bug's Life,PS,1998,Platform,Sony Computer Entertainment,1.96,0.72,0,0.11,2.79
489,WWF SmackDown! Just Bring It,PS2,2001,Fighting,THQ,1.19,1.15,0.04,0.41,2.79
490,Mortal Kombat Trilogy,PS,1996,Fighting,GT Interactive,1.98,0.7,0,0.11,2.79
491,Dragon Quest V: Tenkuu no Hanayome,SNES,1992,Role-Playing,Enix Corporation,0,0,2.78,0.01,2.79
492,NBA Street,PS2,2001,Sports,Electronic Arts,2.19,0.22,0,0.38,2.79
493,BioShock,X360,2007,Shooter,Take-Two Interactive,1.62,0.85,0.05,0.27,2.78
494,Jak II,PS2,2003,Platform,Sony Computer Entertainment,1.68,0.74,0,0.36,2.78
495,Ratchet & Clank: Going Commando,PS2,2003,Platform,Sony Computer Entertainment,1.44,0.83,0.26,0.25,2.78
496,Zumba Fitness 2,Wii,2011,Sports,Majesco Entertainment,1.5,1.01,0,0.27,2.78
497,Medal of Honor,PS3,2010,Shooter,Electronic Arts,1.26,1.03,0.07,0.42,2.78
498,The Sims,PS2,2003,Simulation,Electronic Arts,1.41,1.12,0,0.24,2.77
499,Age of Empires II: The Age of Kings,PC,1999,Strategy,Microsoft Game Studios,2.7,0.07,0,0,2.77
500,Skylanders: Spyro's Adventure,Wii,2011,Action,Activision,1.33,1.12,0,0.31,2.77
501,Missile Command,2600,1980,Shooter,Atari,2.56,0.17,0,0.03,2.76
502,Yoshi's Island DS,DS,2006,Platform,Nintendo,1.44,0.07,1.1,0.15,2.75
503,Mario Paint,SNES,1992,Misc,Nintendo,1.43,0.54,0.71,0.07,2.75
504,Battlefield 3,PC,2011,Shooter,Electronic Arts,0.86,1.39,0,0.49,2.74
505,Need for Speed: Hot Pursuit,PS3,2010,Racing,Electronic Arts,1.03,1.21,0.03,0.47,2.74
506,Need for Speed: Most Wanted - A Criterion Game,PS3,2012,Racing,Electronic Arts,0.67,1.41,0.06,0.6,2.73
507,Pokemon Stadium 2,N64,2000,Strategy,Nintendo,1.02,0.36,1.13,0.23,2.73
508,Metroid,NES,1986,Adventure,Nintendo,1.33,0.31,1.04,0.05,2.73
509,Saints Row: The Third,X360,2011,Action,THQ,1.21,1.14,0.07,0.3,2.72
510,Tekken 6,PS3,2009,Fighting,Namco Bandai Games,1.17,0.95,0.17,0.42,2.71
511,FIFA Soccer 14,PS4,2013,Sports,Electronic Arts,0.55,1.77,0.1,0.3,2.71
512,Star Wars: The Old Republic,PC,2011,Role-Playing,Electronic Arts,1.4,0.94,0,0.36,2.71
513,Sonic and the Secret Rings,Wii,2007,Platform,Sega,1.2,1.19,0.04,0.29,2.71
514,Monster Hunter Tri,3DS,2011,Role-Playing,Nintendo,0.42,0.27,1.96,0.06,2.71
515,Killzone 3,PS3,2011,Shooter,Sony Computer Entertainment,1.4,0.84,0.09,0.37,2.71
516,The Legend of Zelda: A Link to the Past,GBA,2002,Action,Nintendo,1.75,0.52,0.33,0.1,2.7
517,Onimusha: Warlords,PS2,2001,Action,Virgin Interactive,0.99,0.48,1.09,0.14,2.7
518,Mario Party,N64,1998,Misc,Nintendo,1.25,0.53,0.87,0.05,2.7
519,LEGO Star Wars II: The Original Trilogy,PS2,2006,Action,LucasArts,1.85,0.64,0.01,0.19,2.69
520,Star Wars: The Force Unleashed,X360,2008,Action,LucasArts,1.67,0.76,0,0.25,2.68
521,Burnout 3: Takedown,PS2,2004,Racing,Electronic Arts,1.23,1.11,0,0.34,2.68
522,Mortal Kombat,PS3,2011,Fighting,Warner Bros. Interactive Entertainment,1.88,0.51,0,0.29,2.68
523,Call of Duty 3,X360,2006,Shooter,Activision,1.47,0.92,0.02,0.27,2.67
524,Mortal Kombat,GEN,1992,Fighting,Arena Entertainment,1.95,0.63,0,0.09,2.67
525,Mario vs. Donkey Kong: Mini-Land Mayhem!,DS,2010,Puzzle,Nintendo,1.63,0.51,0.35,0.18,2.67
526,Call Of Duty 2: Big Red One,PS2,2005,Shooter,Activision,1.48,0.92,0.01,0.26,2.67
527,Medal of Honor,PS,1998,Shooter,Electronic Arts,1.44,1.09,0,0.14,2.67
528,Fable,XB,2004,Role-Playing,Microsoft Game Studios,1.99,0.58,0,0.09,2.66
529,FIFA 15,X360,2014,Sports,Electronic Arts,0.62,1.74,0,0.3,2.66
530,Madden NFL 12,X360,2011,Sports,Electronic Arts,2.39,0.11,0,0.16,2.66
531,Final Fantasy XIII-2,PS3,2011,Role-Playing,Square Enix,0.78,0.72,0.89,0.26,2.65
532,Hannah Montana,DS,2006,Action,Disney Interactive Studios,1.59,0.8,0,0.26,2.65
533,Tom Clancy's Splinter Cell,PS2,2003,Action,Ubisoft,1.15,1.11,0,0.4,2.65
534,Super Mario Bros.: The Lost Levels,NES,1986,Platform,Nintendo,0,0,2.65,0,2.65
535,Madden NFL 11,X360,2010,Sports,Electronic Arts,2.35,0.12,0,0.18,2.65
536,Star Wars: Shadows of the Empire,N64,1996,Action,Nintendo,2,0.5,0.12,0.03,2.65
537,Need for Speed: Shift,PS3,2009,Racing,Electronic Arts,0.68,1.38,0.04,0.52,2.63
538,Midnight Club: Street Racing,PS2,2000,Racing,Take-Two Interactive,2,0.47,0.02,0.14,2.63
539,Battlefield 4,PS4,2013,Shooter,Electronic Arts,1.13,1.14,0.13,0.23,2.63
540,Guitar Hero: World Tour,X360,2008,Misc,Activision,1.75,0.63,0,0.24,2.63
541,ESPN NFL 2K5,PS2,2004,Sports,Sega,2.15,0.12,0,0.36,2.62
542,Medal of Honor Heroes,PSP,2006,Shooter,Electronic Arts,0.85,1.11,0.01,0.66,2.62
543,Professor Layton and the Last Specter,DS,2009,Adventure,Nintendo,0.27,1.34,0.68,0.33,2.62
544,Tekken: Dark Resurrection,PSP,2006,Fighting,Sony Computer Entertainment,0.76,1.09,0.12,0.65,2.62
545,L.A. Noire,X360,2011,Adventure,Take-Two Interactive,1.46,0.91,0.02,0.23,2.62
546,Harry Potter and the Chamber of Secrets,PS2,2002,Adventure,Electronic Arts,0.9,1.22,0.04,0.44,2.61
547,FIFA Soccer 10,X360,2009,Sports,Electronic Arts,0.58,1.78,0.01,0.23,2.6
548,Streets of Rage,GEN,1990,Action,Sega,1.86,0.55,0.11,0.08,2.6
549,NBA Live 2005,PS2,2004,Sports,Electronic Arts,2.03,0.21,0,0.35,2.59
550,WWE SmackDown vs. RAW 2007,PS2,2006,Fighting,THQ,1.4,0.88,0.03,0.26,2.58
551,Ratchet & Clank: Up Your Arsenal,PS2,2004,Platform,Sony Computer Entertainment,1.31,0.74,0.31,0.22,2.57
552,Assassin's Creed: Unity,XOne,2014,Action,Ubisoft,1.65,0.78,0,0.14,2.57
553,Mario Strikers Charged,Wii,2007,Sports,Nintendo,1.04,1.04,0.24,0.24,2.57
554,Medal of Honor,X360,2010,Shooter,Electronic Arts,1.52,0.8,0.04,0.21,2.57
555,Madden NFL 08,PS2,2007,Sports,Electronic Arts,2.14,0.08,0,0.35,2.57
556,Style Savvy,DS,2008,Simulation,Nintendo,0.62,0.81,0.96,0.18,2.57
557,NBA 2K12,X360,2011,Sports,Take-Two Interactive,2.26,0.14,0.01,0.15,2.56
558,Titanfall,XOne,2014,Shooter,Electronic Arts,1.66,0.69,0.04,0.19,2.56
559,God of War Collection,PS3,2009,Action,Sony Computer Entertainment,1.68,0.43,0.06,0.4,2.56
560,Monster Hunter Freedom 2,PSP,2007,Role-Playing,Capcom,0.36,0.27,1.75,0.18,2.56
561,Sonic Adventure 2 Battle,GC,2001,Platform,Sega,1.7,0.59,0.21,0.07,2.56
562,Dragon Quest II,NES,1987,Role-Playing,Enix Corporation,0.15,0,2.41,0,2.56
563,FIFA Soccer 09,PS3,2008,Sports,Electronic Arts,0.46,1.62,0.04,0.42,2.55
564,Super Mario All-Stars: Limited Edition,Wii,2010,Platform,Nintendo,0.98,0.52,0.92,0.13,2.54
565,World of Warcraft: Wrath of the Lich King,PC,2008,Role-Playing,Activision,2.41,0.13,0,0,2.54
566,Pokemon Colosseum,GC,2003,Role-Playing,Nintendo,1.21,0.57,0.7,0.07,2.54
567,Space Invaders,2600,N/A,Shooter,Atari,2.36,0.14,0,0.03,2.53
568,Ratchet & Clank Future: Tools of Destruction,PS3,2007,Platform,Sony Computer Entertainment,0.91,1.09,0.08,0.45,2.53
569,Dragon Age: Origins,X360,2009,Role-Playing,Electronic Arts,1.73,0.55,0.03,0.22,2.53
570,Destiny,XOne,2014,Action,Activision,1.68,0.71,0,0.13,2.52
571,Crazy Taxi,PS2,2001,Racing,Acclaim Entertainment,1.13,1.12,0.06,0.22,2.52
572,Perfect Dark,N64,2000,Action,Nintendo,1.55,0.75,0.16,0.06,2.52
573,Halo Wars,X360,2009,Strategy,Microsoft Game Studios,1.46,0.79,0.04,0.23,2.52
574,Madden NFL 09,X360,2008,Sports,Electronic Arts,2.2,0.12,0,0.2,2.52
575,Dragon Quest,NES,1986,Role-Playing,Capcom,0.49,0,0.52,1.51,2.52
576,Art Academy,DS,2010,Misc,Nintendo,0.25,1.65,0.33,0.28,2.51
577,LittleBigPlanet,PSP,2009,Platform,Sony Computer Entertainment,0.61,1.21,0.01,0.68,2.51
578,PES 2009: Pro Evolution Soccer,PS2,2008,Sports,Konami Digital Entertainment,0.13,0.07,0.26,2.05,2.5
579,Mario Party 2,N64,1999,Misc,Nintendo,1.28,0.14,1.08,0.01,2.5
580,Youkai Watch 2 Shinuchi,3DS,2014,Role-Playing,Level 5,0,0,2.5,0,2.5
581,Grand Theft Auto: Episodes from Liberty City,X360,2009,Adventure,Take-Two Interactive,0.99,1.21,0.03,0.27,2.5
582,Deca Sports,Wii,2008,Sports,Konami Digital Entertainment,1.11,0.85,0.29,0.25,2.49
583,Rockstar Games Double Pack: Grand Theft Auto III & Grand Theft Auto Vice City,XB,2003,Action,Take-Two Interactive,1.84,0.56,0,0.09,2.49
584,Mortal Kombat: Deadly Alliance,PS2,2002,Fighting,Midway Games,1.81,0.52,0,0.15,2.49
585,Marvel: Ultimate Alliance,X360,2006,Role-Playing,Activision,2.28,0.02,0,0.19,2.49
586,Tomb Raider: The Last Revelation,PS,1998,Action,Eidos Interactive,1.15,1.14,0.06,0.13,2.48
587,Madden NFL 13,PS3,2012,Sports,Electronic Arts,2.06,0.22,0,0.2,2.48
588,Game Party,Wii,2007,Misc,Midway Games,1.47,0.77,0,0.24,2.48
589,Mario Party 4,GC,2002,Misc,Nintendo,1.13,0.36,0.92,0.07,2.47
590,Grand Theft Auto V,XOne,2014,Action,Take-Two Interactive,1.28,1.06,0,0.13,2.47
591,Pure,X360,2008,Racing,Disney Interactive Studios,1.37,0.84,0,0.24,2.46
592,Skylanders Giants,Wii,2012,Action,Activision,1.46,0.79,0,0.2,2.46
593,Final Fantasy V,SNES,1992,Role-Playing,SquareSoft,0,0,2.43,0.02,2.45
594,Final Fantasy Tactics,PS,1997,Role-Playing,SquareSoft,0.93,0.12,1.34,0.06,2.45
595,Rock Band,X360,N/A,Misc,Electronic Arts,1.91,0.33,0,0.21,2.45
596,Resistance 2,PS3,2008,Shooter,Sony Computer Entertainment,1.13,0.83,0.1,0.38,2.44
597,Twisted Metal 2,PS,1996,Racing,Sony Computer Entertainment,2.12,0.25,0,0.07,2.44
598,The Sims: Bustin' Out,PS2,2003,Simulation,Electronic Arts,1.07,1.19,0,0.18,2.43
599,Saints Row: The Third,PS3,2011,Action,THQ,0.84,1.03,0.18,0.38,2.43
600,Riven: The Sequel to Myst,PC,1997,Adventure,Red Orb,1.52,0.82,0,0.1,2.43
601,The Legend of Zelda: A Link Between Worlds,3DS,2013,Action,Nintendo,1.13,0.68,0.44,0.17,2.42
602,Sonic Adventure,DC,1998,Platform,Sega,1.26,0.61,0.46,0.08,2.42
603,Ice Hockey,NES,1988,Sports,Nintendo,1.27,0.32,0.78,0.05,2.42
604,Dragon Ball Z: Budokai 2,PS2,2003,Fighting,Atari,1.63,0.22,0.51,0.06,2.41
605,ATV Offroad Fury,PS2,2001,Racing,Sony Computer Entertainment,2.07,0.26,0,0.08,2.41
606,Dino Crisis,PS,1998,Action,Capcom,0.81,0.76,0.7,0.14,2.41
607,uDraw Studio,Wii,2010,Misc,THQ,1.64,0.57,0,0.2,2.41
608,Need for Speed: ProStreet,PS2,2007,Racing,Electronic Arts,0.69,0,0.04,1.68,2.41
609,Tetris Plus,PS,1996,Puzzle,JVC,2.1,0.24,0,0.07,2.4
610,LEGO Harry Potter: Years 1-4,Wii,2010,Adventure,Warner Bros. Interactive Entertainment,1.28,0.9,0,0.23,2.4
611,Need for Speed Carbon: Own the City,PSP,2006,Racing,Electronic Arts,0.86,0.96,0,0.58,2.4
612,NBA 2K13,PS3,2012,Action,Take-Two Interactive,1.67,0.42,0.05,0.27,2.4
613,pro evolution soccer 2011,PS3,2010,Sports,Konami Digital Entertainment,0.28,1.17,0.54,0.41,2.4
614,Pro Wrestling,NES,1987,Fighting,Nintendo,0.77,0.18,1.42,0.03,2.4
615,Tom Clancy's Rainbow Six: Vegas 2,X360,2008,Shooter,Ubisoft,1.54,0.6,0.02,0.23,2.39
616,Frogger's Adventures: Temple of the Frog,GBA,N/A,Adventure,Konami Digital Entertainment,2.15,0.18,0,0.07,2.39
617,Monopoly,PC,1994,Misc,Hasbro Interactive,1.49,0.81,0,0.1,2.39
618,,GEN,1993,,Acclaim Entertainment,1.78,0.53,0,0.08,2.39
619,Theme Hospital,PC,1997,Strategy,Electronic Arts,2.3,0.09,0,0,2.39
620,Tomb Raider (2013),PS3,2013,Action,Square Enix,0.57,1.21,0.08,0.52,2.39
621,Guitar Hero,PS2,2005,Misc,RedOctane,1.67,0.61,0.03,0.07,2.38
622,WCW/nWo Revenge,N64,1998,Fighting,THQ,1.94,0.39,0.03,0.02,2.38
623,Yu-Gi-Oh! The Duelists of the Roses,PS2,2001,Misc,Konami Digital Entertainment,1.16,0.91,0,0.3,2.38
624,Call of Duty: Ghosts,XOne,2013,Shooter,Activision,1.64,0.57,0,0.16,2.37
625,The Incredibles,PS2,2004,Action,THQ,0.96,1.08,0.04,0.3,2.37
626,Tony Hawk's Underground 2,PS2,2004,Sports,Activision,1.25,0.86,0.01,0.26,2.37
627,Half-Life 2,PC,2004,Shooter,Vivendi Games,2.28,0.01,0.08,0,2.37
628,LEGO Star Wars: The Complete Saga,X360,2007,Action,LucasArts,1.41,0.74,0,0.22,2.37
629,Midnight Club: Los Angeles,PS3,2008,Racing,Take-Two Interactive,1.5,0.52,0.05,0.29,2.36
630,Kirby's Dream Land 2,GB,1995,Platform,Nintendo,0.69,0.14,1.48,0.05,2.36
631,Madden NFL 08,X360,2007,Sports,Electronic Arts,2.17,0.01,0,0.18,2.36
632,Madden NFL 10,PS3,2009,Sports,Electronic Arts,2.02,0.13,0,0.21,2.36
633,Donkey Kong Land 2,GB,1996,Platform,Nintendo,1.39,0.48,0.4,0.08,2.35
634,Dragon Quest Monsters,GB,1998,Role-Playing,Eidos Interactive,0,0,2.34,0.01,2.35
635,Madden NFL 11,PS3,2010,Sports,Electronic Arts,2.02,0.15,0,0.19,2.35
636,Halo: Combat Evolved Anniversary,X360,2011,Shooter,Microsoft Game Studios,1.4,0.69,0.04,0.22,2.34
637,WWE SmackDown vs Raw 2008,PS2,2007,Fighting,THQ,0.92,0,0.01,1.41,2.34
638,Resident Evil - Code: Veronica X,PS2,2001,Action,Capcom,1.08,0.7,0.34,0.21,2.34
639,Dead Island,X360,2011,Action,Deep Silver,1.45,0.69,0,0.19,2.34
640,LEGO Indiana Jones: The Original Adventures,Wii,N/A,Adventure,LucasArts,1.51,0.6,0,0.21,2.32
641,Mario Tennis,N64,2000,Sports,Nintendo,0.78,0.4,1.06,0.07,2.32
642,My Fitness Coach,Wii,2008,Sports,Ubisoft,1.18,0.9,0,0.24,2.32
643,Grand Theft Auto,PS,1997,Action,Take-Two Interactive,0.79,1.35,0.04,0.14,2.32
644,James Bond 007: Everything or Nothing,PS2,2004,Shooter,Electronic Arts,0.85,1.06,0.09,0.32,2.31
645,Need For Speed: High Stakes,PS,1999,Racing,Electronic Arts,1.58,0.64,0,0.09,2.31
646,Chrono Trigger,SNES,1995,Role-Playing,SquareSoft,0.28,0,2.02,0.01,2.31
647,Cool Boarders 3,PS,1998,Sports,989 Studios,1.65,0.46,0.1,0.1,2.31
648,Skate 3,X360,2010,Sports,Electronic Arts,1.26,0.84,0,0.21,2.3
649,Kinect: Disneyland Adventures,X360,2011,Misc,Microsoft Game Studios,1.69,0.42,0.02,0.17,2.3
650,WarioWare Touched!,DS,2004,Puzzle,Nintendo,0.51,0.45,1.21,0.13,2.29
651,Zumba Fitness,X360,2010,Sports,505 Games,1.68,0.44,0,0.17,2.29
652,Tomb Raider II,PC,1997,Adventure,Eidos Interactive,0.91,1.25,0,0.13,2.29
653,Kinect Sports: Season Two,X360,2011,Sports,Microsoft Game Studios,1.34,0.72,0.02,0.21,2.29
654,Need for Speed Underground 2,XB,2004,Racing,Electronic Arts,1.38,0.8,0,0.1,2.28
655,NBA 2K14,X360,2013,Sports,Take-Two Interactive,1.95,0.18,0,0.14,2.28
656,Mario Bros.,NES,1983,Platform,Nintendo,0.51,0.12,1.63,0.02,2.28
657,FIFA Soccer 09,PS2,2008,Sports,Electronic Arts,0.38,0.07,0.01,1.82,2.28
658,Pro Evolution Soccer 2010,PS3,2009,Sports,Konami Digital Entertainment,0.3,1.27,0.46,0.26,2.28
659,TOCA Championship Racing,PS,1997,Racing,Codemasters,0.07,2,0.02,0.18,2.28
660,Pokemon Ranger: Shadows of Almia,DS,2008,Role-Playing,Nintendo,0.94,0.53,0.62,0.18,2.27
661,Kirby: Nightmare in Dream Land,GBA,2002,Platform,Nintendo,1.22,0.1,0.91,0.04,2.27
662,Wario Land 4,GBA,2001,Platform,Nintendo,0.9,0.73,0.54,0.09,2.26
663,Midnight Club: Los Angeles,X360,2008,Racing,Take-Two Interactive,1.61,0.45,0.01,0.19,2.26
664,Onimusha 2: Samurai's Destiny,PS2,2002,Adventure,Capcom,0.62,0.44,1.06,0.13,2.25
665,Cool Boarders 2,PS,1997,Sports,UEP Systems,1.52,0.46,0.2,0.08,2.25
666,Paper Mario: The Thousand-Year Door,GC,2004,Role-Playing,Nintendo,1.48,0.25,0.46,0.06,2.25
667,Sonic Advance,GBA,2001,Platform,Sega,1.19,0.71,0.22,0.13,2.24
668,LEGO Harry Potter: Years 1-4,DS,2010,Adventure,Warner Bros. Interactive Entertainment,1.06,0.96,0,0.22,2.24
669,Call of Duty 3,Wii,N/A,Shooter,Activision,1.17,0.84,0,0.23,2.23
670,Spyro: Season of Ice,GBA,2001,Platform,Vivendi Games,1.29,0.83,0,0.11,2.23
671,Super Monkey Ball: Banana Blitz,Wii,2006,Misc,Sega,1.05,0.91,0.04,0.23,2.23
672,Teenage Mutant Ninja Turtles II: The Arcade Game,NES,1990,Action,Konami Digital Entertainment,1.74,0.25,0.21,0.03,2.23
673,Dance Dance Revolution X2,PS2,2009,Simulation,Konami Digital Entertainment,1.09,0.85,0,0.28,2.23
674,Assassin's Creed IV: Black Flag,PS4,2013,Action,Ubisoft,0.92,1.05,0.05,0.21,2.23
675,Prince of Persia: The Sands of Time,PS2,2003,Adventure,Ubisoft,0.88,1.03,0,0.31,2.22
676,The Legend of Zelda: Link's Awakening DX,GB,1998,Adventure,Nintendo,1,0.63,0.45,0.13,2.22
677,Guitar Hero III: Legends of Rock,PS3,2007,Misc,Activision,1.38,0.52,0.02,0.3,2.22
678,Just Dance Kids,Wii,2010,Misc,Ubisoft,1.51,0.52,0,0.18,2.21
679,Monster Hunter Tri,Wii,2009,Role-Playing,Nintendo,0.65,0.4,1.05,0.11,2.21
680,Dissidia: Final Fantasy,PSP,2008,Fighting,Square Enix,0.49,0.5,0.91,0.31,2.21
681,Resident Evil 4,Wii,2007,Action,Capcom,1.31,0.55,0.14,0.2,2.21
682,Devil May Cry 3: Dante's Awakening Special Edition,PS2,2006,Action,Capcom,1.06,0.82,0.05,0.28,2.21
683,Killzone: Shadow Fall,PS4,2013,Action,Sony Computer Entertainment,0.82,1.1,0.07,0.21,2.2
684,Frogger,2600,1981,Action,Parker Bros.,2.06,0.12,0,0.02,2.2
685,Pro Baseball Family Stadium,NES,1986,Sports,Namco Bandai Games,0.15,0,2.05,0,2.2
686,Wario Land 3,GB,2000,Platform,Nintendo,1.11,0.51,0.34,0.23,2.2
687,High School Musical: Makin' the Cut!,DS,2007,Puzzle,Disney Interactive Studios,1.06,0.91,0,0.23,2.2
688,LEGO Indiana Jones: The Original Adventures,DS,2008,Adventure,Activision,1.4,0.59,0,0.2,2.19
689,Madden NFL 12,PS3,2011,Sports,Electronic Arts,1.88,0.15,0,0.16,2.19
690,Star Wars: Knights of the Old Republic,XB,2003,Role-Playing,Activision,1.68,0.44,0,0.08,2.19
691,Donkey Kong Country,GB,2000,Platform,Nintendo,1.04,0.72,0.3,0.13,2.19
692,Kirby's Pinball Land,GB,1992,Misc,Nintendo,0.87,0.17,1.1,0.05,2.19
693,inFAMOUS: Second Son,PS4,2014,Action,Sony Computer Entertainment,1.01,0.74,0.07,0.37,2.19
694,Yu-Gi-Oh: Duel Monsters 4,GB,2000,Role-Playing,Konami Digital Entertainment,0,0,2.17,0.01,2.18
695,Rock Band 2,X360,2008,Misc,Electronic Arts,1.76,0.23,0,0.18,2.18
696,ATV Offroad Fury 2,PS2,2002,Racing,THQ,1.92,0.2,0,0.06,2.18
697,Pro Evolution Soccer 2012,PS3,2011,Sports,Konami Digital Entertainment,0.33,0.96,0.55,0.33,2.18
698,Mario & Luigi: Superstar Saga,GBA,2003,Role-Playing,Nintendo,1.48,0.17,0.47,0.06,2.17
699,Saints Row,X360,2006,Action,THQ,1.16,0.77,0.02,0.22,2.17
700,Star Wars: Rogue Squadron,N64,1998,Simulation,Nintendo,1.6,0.46,0.08,0.03,2.17
701,Tennis,NES,1984,Sports,Nintendo,0.48,0.11,1.56,0.02,2.17
702,Need for Speed: Hot Pursuit,X360,2010,Racing,Electronic Arts,1,0.96,0,0.2,2.17
703,BioShock 2,X360,2010,Shooter,Take-Two Interactive,1.42,0.54,0.02,0.19,2.16
704,Dead Island,PS3,2011,Action,Deep Silver,1.04,0.68,0.15,0.29,2.16
705,LEGO Star Wars: The Complete Saga,PS3,2007,Action,LucasArts,0.96,0.84,0,0.37,2.16
706,The Sims: House Party,PC,2001,Simulation,Electronic Arts,1.23,0.83,0,0.1,2.16
707,Syphon Filter 2,PS,2000,Shooter,Sony Computer Entertainment,1.5,0.55,0.02,0.08,2.15
708,Sonic Unleashed,Wii,2008,Platform,Sega,1.26,0.67,0.02,0.21,2.15
709,Guitar Hero II,X360,2007,Misc,Activision,1.97,0.02,0,0.16,2.15
710,Volleyball,NES,1987,Sports,Nintendo,0.14,0.03,1.98,0,2.15
711,Batman: Arkham Origins,PS3,2013,Action,Warner Bros. Interactive Entertainment,0.97,0.74,0.04,0.4,2.15
712,Pokemon Ranger,DS,2006,Role-Playing,Nintendo,1.27,0.03,0.73,0.12,2.14
713,Mahjong,NES,1983,Misc,Nintendo,0.01,0,2.13,0,2.14
714,Super Mario RPG: Legend of the Seven Stars,SNES,1996,Role-Playing,Nintendo,0.66,0,1.45,0.03,2.14
715,SimCity 2000,PC,1992,Simulation,Maxis,1.2,0.84,0,0.1,2.14
716,R.C. Pro-Am,NES,1988,Racing,Nintendo,1.47,0.38,0.19,0.1,2.14
717,Star Wars: The Force Unleashed,PS3,2008,Action,LucasArts,0.99,0.8,0,0.35,2.14
718,Scribblenauts,DS,2009,Puzzle,Warner Bros. Interactive Entertainment,1.65,0.29,0.02,0.17,2.13
719,Demon Attack,2600,1981,Shooter,Imagic,1.99,0.12,0,0.02,2.13
720,Paper Mario: Sticker Star,3DS,2012,Role-Playing,Nintendo,1.06,0.34,0.62,0.11,2.13
721,Dance Dance Revolution Extreme,PS2,2004,Simulation,Konami Digital Entertainment,1.04,0.81,0,0.27,2.13
722,Final Fantasy Tactics Advance,GBA,2003,Action,SquareSoft,0.82,0.37,0.89,0.05,2.13
723,The Sims 3,X360,2010,Simulation,Electronic Arts,1.16,0.77,0,0.19,2.13
724,Sonic's Ultimate Genesis Collection,PS3,2009,Misc,Sega,1.26,0.58,0,0.28,2.13
725,Project Gotham Racing,XB,2001,Racing,Microsoft Game Studios,1.37,0.61,0.05,0.09,2.12
726,Golf,GB,1989,Sports,Nintendo,0.83,0.33,0.92,0.04,2.12
727,Call of Duty: Roads to Victory,PSP,2007,Shooter,Activision,0.51,1.02,0,0.58,2.11
728,Your Shape featuring Jenny McCarthy,Wii,2009,Sports,Ubisoft,1.48,0.46,0,0.17,2.11
729,Final Fantasy XIII,X360,2010,Role-Playing,Square Enix,1.24,0.66,0.01,0.2,2.11
730,Tony Hawk's Pro Skater,N64,2000,Sports,Activision,1.68,0.4,0,0.03,2.11
731,Need for Speed: Hot Pursuit 2,PS2,2002,Racing,Electronic Arts,1.68,0.31,0.02,0.09,2.11
732,PES 2009: Pro Evolution Soccer,PS3,2008,Sports,Konami Digital Entertainment,0.11,1.33,0.4,0.26,2.11
733,Dynasty Warriors 4,PS2,2003,Action,Tecmo Koei,0.63,0.21,1.13,0.13,2.11
734,Parasite Eve,PS,1998,Role-Playing,SquareSoft,0.94,0.07,1.05,0.04,2.1
735,Scooby-Doo! Night of 100 Frights,PS2,2002,Platform,THQ,1.17,0.72,0,0.22,2.1
736,Project Gotham Racing (JP weekly sales),XB,2002,Action,Microsoft Game Studios,1.54,0.44,0.04,0.07,2.1
737,Borderlands 2,PS3,2012,Shooter,Take-Two Interactive,0.98,0.69,0.1,0.33,2.1
738,Tetris DS,DS,2006,Puzzle,Nintendo,0.63,0.05,1.35,0.08,2.1
739,God of War: Ascension,PS3,2013,Action,Sony Computer Entertainment,1.15,0.6,0.04,0.31,2.1
740,Devil May Cry 3: Dante's Awakening,PS2,2005,Action,Capcom,0.99,0.63,0.29,0.19,2.09
741,Derby Stallion,PS,1997,Sports,ASCII Entertainment,0,0,1.96,0.14,2.09
742,Finding Nemo,PS2,2003,Action,THQ,1.26,0.6,0.05,0.18,2.09
743,Middle-Earth: Shadow of Mordor,PS4,2014,Action,Warner Bros. Interactive Entertainment,0.73,0.9,0.03,0.43,2.09
744,Hitman: Absolution,PS3,2012,Action,Square Enix,0.55,1.03,0.07,0.44,2.09
745,Guild Wars 2,PC,2012,Role-Playing,NCSoft,0.88,0.92,0,0.28,2.08
746,Tetris Worlds,PS2,2002,Puzzle,THQ,1.11,0.71,0,0.27,2.08
747,Mario Party 5,GC,2003,Misc,Nintendo,0.97,0.33,0.73,0.06,2.08
748,Warcraft: Orcs & Humans,PC,1994,Strategy,Activision,0.89,1.08,0,0.11,2.08
749,Sim Theme Park,PC,1998,Strategy,Electronic Arts,2.04,0.04,0,0,2.08
750,Spec Ops: Airborne Commando,PS,2002,Shooter,Take-Two Interactive,1.54,0.46,0,0.08,2.07
751,Rock Band,Wii,N/A,Misc,MTV Games,1.32,0.55,0,0.2,2.07
752,Madden NFL 25,X360,2013,Sports,Electronic Arts,1.89,0.06,0,0.12,2.07
753,Dance Dance Revolution: Hottest Party,Wii,2007,Simulation,Konami Digital Entertainment,1.35,0.52,0,0.2,2.07
754,Final Fantasy III,DS,2006,Role-Playing,Square Enix,0.88,0.04,1.07,0.09,2.07
755,The Sims 2: Pets,DS,2006,Simulation,Electronic Arts,0.92,0.93,0,0.22,2.07
756,NBA 2K12,PS3,2011,Sports,Take-Two Interactive,1.58,0.26,0.05,0.17,2.07
757,Mario Sports Mix,Wii,2010,Sports,Nintendo,0.88,0.44,0.63,0.12,2.07
758,Yu-Gi-Oh! The Eternal Duelist Soul,GBA,2001,Strategy,Konami Digital Entertainment,1.64,0.36,0,0.07,2.07
759,World of Warcraft: Cataclysm,PC,2010,Role-Playing,Activision,1.76,0.31,0,0,2.06
760,The Incredibles,GBA,2004,Action,THQ,1.15,0.77,0.04,0.1,2.06
761,Pokemon Mystery Dungeon: Red Rescue Team,GBA,2005,Role-Playing,Nintendo,0.71,0.52,0.74,0.08,2.06
762,New Super Luigi U,WiiU,2013,Platform,Nintendo,1.19,0.56,0.16,0.15,2.06
763,Dead Rising,X360,2006,Action,Capcom,1.13,0.64,0.08,0.2,2.06
764,R4: Ridge Racer Type 4,PS,1998,Racing,Namco Bandai Games,0.68,0.46,0.79,0.13,2.06
765,SoulCalibur II,PS2,2003,Fighting,Namco Bandai Games,1.06,0.62,0.13,0.25,2.06
766,Assassin's Creed IV: Black Flag,XOne,2013,Action,Ubisoft,1.4,0.52,0,0.13,2.05
767,UFC 2009 Undisputed,X360,2009,Fighting,THQ,1.47,0.39,0,0.18,2.05
768,Sonic Mega Collection,GC,2002,Misc,Infogrames,1.47,0.48,0.05,0.06,2.05
769,NBA 2K11,X360,2010,Sports,Take-Two Interactive,1.81,0.11,0.01,0.12,2.05
770,Wipeout: The Game,Wii,2009,Misc,Mindscape,1.94,0,0,0.11,2.05
771,NBA Jam,GEN,1992,Sports,Arena Entertainment,1.75,0.25,0,0.05,2.05
772,Kirby's Epic Yarn,Wii,2010,Platform,Nintendo,1.41,0.09,0.45,0.1,2.05
773,SOCOM: U.S. Navy SEALs: Combined Assault,PS2,2006,Shooter,Sony Computer Entertainment,1.74,0.02,0,0.28,2.04
774,Peter Jackson's King Kong: The Official Game of the Movie,PS2,2005,Action,Ubisoft,0.71,1.02,0,0.31,2.04
775,Need for Speed: ProStreet,X360,2007,Racing,Electronic Arts,1.03,0.79,0.01,0.21,2.04
776,Need For Speed: Undercover,PS3,2008,Racing,Electronic Arts,0.62,0.98,0.05,0.39,2.04
777,Donkey Kong Country,GBA,2003,Platform,Nintendo,1.2,0.48,0.29,0.07,2.04
778,Toy Story 3: The Video Game,DS,2010,Action,Disney Interactive Studios,0.88,0.94,0.02,0.21,2.04
779,Need for Speed: Most Wanted 5-1-0,PSP,2005,Racing,Electronic Arts,1.75,0.1,0.02,0.17,2.04
780,Tom Clancy's Splinter Cell: Conviction,X360,2010,Action,Ubisoft,1.18,0.62,0.04,0.19,2.03
781,1080 TenEighty Snowboarding,N64,1998,Sports,Nintendo,1.25,0.61,0.13,0.05,2.03
782,NBA Live 2004,PS2,2003,Sports,Electronic Arts,1.57,0.18,0,0.27,2.03
783,Metal Gear Solid: Peace Walker,PSP,2010,Action,Konami Digital Entertainment,0.44,0.39,0.96,0.23,2.02
784,Need for Speed: ProStreet,PS3,2007,Racing,Electronic Arts,0.71,0.9,0.04,0.37,2.02
785,Rayman Raving Rabbids: TV Party,Wii,2008,Misc,Ubisoft,0.72,1.07,0,0.23,2.02
786,PGR4 - Project Gotham Racing 4,X360,2007,Racing,Microsoft Game Studios,0.47,1.27,0.02,0.25,2.02
787,Carnival Games,DS,2008,Misc,Take-Two Interactive,1.2,0.63,0,0.19,2.02
788,Borderlands,PS3,2009,Shooter,Take-Two Interactive,1.15,0.59,0,0.28,2.02
789,Pokemon Mystery Dungeon: Blue Rescue Team,DS,2005,Role-Playing,Nintendo,1.15,0.04,0.83,0,2.02
790,Kingdom Hearts: Birth by Sleep,PSP,2010,Role-Playing,Square Enix,0.6,0.41,0.75,0.25,2.01
791,Dance Central 2,X360,2011,Misc,Microsoft Game Studios,1.43,0.41,0.01,0.16,2.01
792,Super Street Fighter II,SNES,1993,Fighting,Nintendo,0.52,0.16,1.29,0.03,2
793,Just Dance 3,X360,2011,Misc,Ubisoft,1.46,0.38,0,0.16,2
794,TouchMaster,DS,2007,Puzzle,Midway Games,0.48,1.27,0,0.24,1.99
795,Grand Theft Auto: Episodes from Liberty City,PS3,2010,Adventure,Take-Two Interactive,0.56,0.95,0.13,0.36,1.99
796,Tenchu: Stealth Assassins,PS,1997,Action,Activision,0.95,0.64,0.27,0.13,1.99
797,Tennis,GB,1989,Sports,Nintendo,0.75,0.3,0.9,0.04,1.99
798,Harry Potter and the Chamber of Secrets,GBA,2002,Adventure,Electronic Arts,1.21,0.64,0.05,0.09,1.99
799,Mortal Kombat,X360,2011,Fighting,Warner Bros. Interactive Entertainment,1.55,0.3,0,0.14,1.99
800,Need for Speed: The Run,PS3,2011,Racing,Electronic Arts,0.56,1.03,0.03,0.36,1.98
801,Harry Potter and the Chamber of Secrets,PS,2002,Adventure,Electronic Arts,0.75,1.09,0.02,0.12,1.98
802,SimCity,SNES,1991,Simulation,Nintendo,0.93,0.27,0.75,0.04,1.98
803,Spyro: Enter the Dragonfly,PS2,2002,Platform,Universal Interactive,0.74,0.95,0,0.28,1.97
804,Devil May Cry 2,PS2,2003,Action,Capcom,0.71,0.58,0.51,0.17,1.97
805,Call of Duty 2,X360,2005,Shooter,Activision,1.77,0.04,0.01,0.15,1.97
806,E.T.: The Extra Terrestrial,2600,1981,Action,Atari,1.84,0.11,0,0.02,1.97
807,Skylanders SWAP Force,Wii,2013,Platform,Activision,1.13,0.67,0,0.17,1.97
808,Dead Space,PS3,2008,Action,Electronic Arts,1.03,0.64,0,0.29,1.96
809,Kingdom Hearts 358/2 Days,DS,2009,Role-Playing,Square Enix,1.05,0.25,0.53,0.13,1.96
810,Dark Souls,PS3,2011,Role-Playing,Namco Bandai Games,0.71,0.49,0.54,0.22,1.96
811,Rad Racer,NES,1986,Racing,Nintendo,1.13,0.37,0.41,0.05,1.96
812,Soccer,NES,1985,Sports,Nintendo,0.18,0.23,1.53,0.02,1.96
813,Halo: The Master Chief Collection,XOne,2014,Shooter,Microsoft Game Studios,1.2,0.65,0.01,0.1,1.96
814,Crash Nitro Kart,PS2,2003,Racing,Vivendi Games,0.74,1.01,0,0.2,1.95
815,Grand Theft Auto: San Andreas,XB,2005,Action,Take-Two Interactive,1.26,0.61,0,0.09,1.95
816,The 7th Guest,PC,1992,Adventure,Virgin Interactive,1.09,0.77,0,0.09,1.95
817,Star Wars: Dark Forces,PC,1994,Shooter,LucasArts,1.09,0.77,0,0.09,1.95
818,NBA Street Vol. 2,PS2,2003,Sports,Electronic Arts,1.69,0.2,0,0.06,1.95
819,Def Jam Vendetta,PS2,2003,Fighting,Electronic Arts,0.95,0.74,0,0.25,1.94
820,Hot Shots Golf: Open Tee,PSP,2004,Sports,Sony Computer Entertainment,0.49,0.5,0.63,0.32,1.94
821,Who wants to be a millionaire,PC,1999,Misc,Disney Interactive Studios,1.94,0,0,0,1.94
822,Alleyway,GB,1989,Puzzle,Nintendo,0.96,0.38,0.55,0.05,1.94
823,Scooby Doo and the Cyber Chase,PS,2001,Adventure,THQ,0.59,1.23,0,0.13,1.94
824,Kirby Squeak Squad,DS,2006,Platform,Nintendo,0.78,0.02,1.05,0.08,1.94
825,Dragon Ball Z: Budokai 3,PS2,2004,Fighting,Atari,1.09,0.15,0.65,0.04,1.94
826,Portal 2,X360,2011,Shooter,Valve Software,1.3,0.47,0.01,0.15,1.94
827,Tom Clancy's Rainbow Six: Vegas,X360,2006,Shooter,Ubisoft,1.07,0.65,0.02,0.19,1.94
828,FIFA Soccer 09,X360,2008,Sports,Electronic Arts,0.49,1.26,0.01,0.18,1.94
829,Jet Moto 2,PS,1997,Racing,Sony Computer Entertainment,1.41,0.42,0.03,0.07,1.94
830,Tom Clancy's Ghost Recon,PS2,2002,Shooter,Ubisoft,1.42,0.4,0,0.12,1.94
831,X-Men Legends,PS2,2004,Role-Playing,Activision,1,0.72,0,0.21,1.93
832,Mortal Kombat II,SNES,1993,Fighting,Acclaim Entertainment,1.48,0.39,0,0.06,1.93
833,Virtua Fighter 2,SAT,1995,Fighting,Sega,0.34,0.26,1.3,0.03,1.93
834,Forza Motorsport 5,XOne,2013,Racing,Microsoft Game Studios,1.1,0.68,0.01,0.13,1.93
835,Tetris DX,GB,1998,Puzzle,Nintendo,1.06,0.6,0.2,0.07,1.93
836,Call of Duty: World at War,Wii,2008,Shooter,Activision,1.17,0.58,0,0.18,1.93
837,Burnout Paradise,PS3,2008,Racing,Electronic Arts,0.99,0.62,0.02,0.3,1.93
838,The Legend of Zelda: Oracle of Ages / Seasons,GB,2001,Adventure,Nintendo,0.92,0.53,0.41,0.06,1.92
839,Red Faction,PS2,2001,Shooter,THQ,0.76,0.96,0,0.2,1.92
840,The Sims: Makin' Magic,PC,2003,Simulation,Electronic Arts,1.03,0.8,0,0.09,1.92
841,MX Unleashed,PS2,2004,Racing,THQ,0.94,0.73,0,0.25,1.92
842,PaRappa The Rapper,PS,1996,Misc,Sony Computer Entertainment,0.26,0.16,1.46,0.03,1.92
843,Mario Party 3,N64,2000,Misc,Nintendo,0.72,0.16,1.01,0.02,1.91
844,Star Wars Rogue Leader: Rogue Squadron II,GC,2001,Simulation,LucasArts,1.03,0.75,0.03,0.09,1.9
845,Need for Speed: Shift,X360,2009,Racing,Electronic Arts,0.72,0.96,0.01,0.22,1.9
846,Forza: Horizon,X360,2012,Racing,Microsoft Game Studios,0.78,0.9,0.04,0.18,1.89
847,Mortal Kombat vs DC Universe,PS3,2008,Fighting,Midway Games,1.42,0.28,0,0.2,1.89
848,Resident Evil 6,X360,2012,Action,Capcom,1.08,0.59,0.07,0.15,1.89
849,NBA 2K14,PS3,2013,Sports,Take-Two Interactive,1.34,0.3,0.04,0.21,1.89
850,Skate 3,PS3,2010,Sports,Electronic Arts,0.74,0.81,0,0.33,1.89
851,Guitar Hero: World Tour,PS3,2008,Misc,Activision,1.07,0.54,0,0.27,1.88
852,Yu-Gi-Oh! Forbidden Memories,PS,1999,Role-Playing,Konami Digital Entertainment,1.37,0.44,0,0.08,1.88
853,Mortal Kombat: Deception,PS2,2004,Fighting,Midway Games,0.92,0.72,0,0.24,1.88
854,Hot Shots Golf 2,PS,1999,Sports,Sony Computer Entertainment,0.25,0.12,1.48,0.03,1.88
855,Game Party 2,Wii,2008,Misc,Midway Games,1.28,0.43,0,0.17,1.88
856,Medal of Honor: European Assault (All Region sales),PS2,2005,Shooter,Electronic Arts,0.89,0.69,0.09,0.21,1.88
857,WCW Nitro,PS,1998,Fighting,THQ,1.42,0.36,0.03,0.07,1.88
858,Mario Super Sluggers,Wii,2008,Sports,Nintendo,1.47,0,0.29,0.12,1.87
859,High School Musical: Sing It!,PS2,2007,Misc,Disney Interactive Studios,0.47,0.08,0,1.33,1.87
860,Star Fox Adventures,GC,2002,Adventure,Nintendo,0.96,0.53,0.3,0.09,1.87
861,Madden NFL 09,PS3,2008,Sports,Electronic Arts,1.55,0.14,0,0.18,1.87
862,FIFA 2000,PS,1998,Sports,Electronic Arts,0.22,1.47,0.04,0.14,1.87
863,Monopoly,Wii,2008,Misc,Electronic Arts,0.85,0.82,0,0.2,1.87
864,Dynasty Warriors 3,PS2,2001,Action,THQ,0.53,0.16,1.07,0.1,1.87
865,The Legend of Zelda: Oracle of Seasons,GB,2001,Adventure,Nintendo,0.87,0.52,0.41,0.06,1.86
866,Madden NFL 06,XB,2005,Sports,Electronic Arts,1.75,0.03,0,0.08,1.86
867,Shrek 2,PS2,2004,Platform,Activision,1.12,0.69,0.03,0.02,1.86
868,The Legend of Dragoon,PS,1999,Role-Playing,Sony Computer Entertainment,0.94,0.44,0.39,0.1,1.86
869,Turok 2: Seeds of Evil,N64,1997,Platform,Acclaim Entertainment,1.37,0.41,0.04,0.04,1.86
870,Toy Story Mania!,Wii,2009,Misc,Disney Interactive Studios,1.03,0.65,0,0.18,1.86
871,SingStar,PS2,2004,Misc,Sony Computer Entertainment,0,1.37,0,0.49,1.86
872,NBA Live 2002,PS2,2001,Sports,Electronic Arts,0.91,0.71,0,0.24,1.86
873,Chrono Cross,PS,1999,Role-Playing,SquareSoft,0.62,0.42,0.69,0.12,1.86
874,Jak 3,PS2,2004,Platform,Sony Computer Entertainment,1.33,0.49,0,0.03,1.85
875,BioShock Infinite,X360,2013,Shooter,Take-Two Interactive,1.16,0.53,0.02,0.15,1.85
876,Kingdom Hearts: Chain of Memories,GBA,2004,Role-Playing,Square Enix,1.26,0.18,0.35,0.06,1.85
877,Pinball,NES,1984,Action,Nintendo,0.8,0.19,0.83,0.03,1.85
878,The Sims 3,PS3,2010,Simulation,Electronic Arts,0.69,0.8,0.02,0.33,1.84
879,Gran Turismo Concept 2001 Tokyo,PS2,2001,Racing,Unknown,0,1.1,0.42,0.33,1.84
880,Tomb Raider (2013),X360,2013,Action,Square Enix,0.82,0.83,0.01,0.17,1.84
881,Star Wars: The Force Unleashed,Wii,2008,Action,LucasArts,1.11,0.55,0,0.18,1.84
882,NCAA Football 06,PS2,2005,Sports,Electronic Arts,1.53,0.05,0,0.25,1.84
883,"Hey You, Pikachu!",N64,1998,Simulation,Nintendo,0.83,0.06,0.93,0,1.83
884,2 Games in 1: Sonic Advance & ChuChu Rocket!,GBA,2005,Misc,THQ,1.31,0.49,0,0.03,1.83
885,Jet Moto,PS,1996,Racing,Sony Computer Entertainment,1.33,0.4,0.03,0.07,1.83
886,Mario & Luigi: Dream Team,3DS,2013,Action,Nintendo,0.82,0.45,0.45,0.11,1.83
887,Secret of Mana,SNES,1993,Role-Playing,SquareSoft,0.25,0.07,1.49,0.02,1.83
888,Rayman Raving Rabbids 2,Wii,2007,Misc,Ubisoft,0.82,0.81,0,0.2,1.83
889,Phineas and Ferb,DS,2009,Action,Disney Interactive Studios,1.31,0.37,0,0.15,1.83
890,Air Combat,PS,1995,Simulation,Sony Computer Entertainment,0.92,0.33,0.52,0.05,1.83
891,Ratchet & Clank Future: A Crack in Time,PS3,2009,Platform,Sony Computer Entertainment,1.03,0.51,0.03,0.25,1.82
892,Sonic & Knuckles,GEN,1994,Platform,Sega,1.24,0.43,0.03,0.12,1.82
893,GoldenEye 007 (2010),Wii,2010,Action,Activision,0.83,0.7,0.13,0.16,1.82
894,Namco Museum,PS2,2001,Misc,Namco Bandai Games,1.73,0.07,0,0.02,1.82
895,The Sims: Hot Date,PC,2001,Simulation,Electronic Arts,1.81,0,0,0,1.82
896,DDRMAX2: Dance Dance Revolution,PS2,2003,Simulation,Konami Digital Entertainment,1.05,0.59,0,0.18,1.81
897,Crazy Taxi,DC,2000,Racing,Sega,1.1,0.51,0.12,0.08,1.81
898,Virtua Fighter 4,PS2,2002,Fighting,Sega,0.78,0.44,0.56,0.04,1.81
899,Sly 2: Band of Thieves,PS2,2004,Platform,Sony Computer Entertainment,0.88,0.69,0,0.23,1.81
900,Max Payne 3,PS3,2012,Shooter,Take-Two Interactive,0.55,0.87,0.06,0.32,1.8
901,Guitar Hero: World Tour,PS2,2008,Misc,Activision,1,0.03,0,0.77,1.8
902,Sonic Advance 2,GBA,2002,Platform,Sega,0.93,0.59,0.21,0.07,1.8
903,NFL GameDay 2000,PS,1999,Sports,989 Studios,1,0.68,0,0.12,1.8
904,Madden NFL 07,X360,2006,Sports,Electronic Arts,1.66,0,0.01,0.13,1.79
905,The Orange Box,X360,2007,Shooter,Electronic Arts,1.07,0.53,0.02,0.17,1.79
906,World of Warcraft: Mists of Pandaria,PC,2012,Role-Playing,Activision,0.81,0.75,0,0.23,1.79
907,Disney's The Lion King,SNES,1994,Platform,Virgin Interactive,1.26,0.39,0.08,0.06,1.79
908,Metroid Prime 3: Corruption,Wii,2007,Shooter,Nintendo,0.89,0.73,0.07,0.09,1.79
909,Lego Marvel Super Heroes,X360,2013,Action,Warner Bros. Interactive Entertainment,0.95,0.68,0,0.16,1.78
910,Midnight Club II,PS2,2003,Racing,Take-Two Interactive,1.25,0.29,0,0.24,1.78
911,SpongeBob SquarePants: SuperSponge,PS,2001,Action,THQ,1.12,0.58,0,0.08,1.78
912,The Getaway: Black Monday,PS2,2004,Action,Sony Computer Entertainment,0.39,1.01,0.02,0.36,1.78
913,Mortal Kombat vs DC Universe,X360,2008,Fighting,Midway Games,1.41,0.23,0,0.14,1.78
914,50 Cent: Bulletproof,PS2,2005,Action,Vivendi Games,0.85,0.76,0,0.16,1.77
915,Kirby 64: The Crystal Shards,N64,2000,Platform,Nintendo,0.63,0.06,1.03,0.04,1.77
916,Final Fantasy II,SNES,1991,Role-Playing,Square,0.24,0.09,1.33,0.12,1.77
917,Dead or Alive 3,XB,2001,Fighting,Microsoft Game Studios,1.19,0.29,0.24,0.06,1.77
918,Demon's Souls,PS3,2009,Role-Playing,Namco Bandai Games,0.93,0.32,0.35,0.17,1.77
919,inFAMOUS 2,PS3,2011,Action,Sony Computer Entertainment,1.01,0.46,0.08,0.22,1.76
920,Sonic Classic Collection,DS,2010,Platform,Sega,0.9,0.7,0,0.17,1.76
921,Metroid II: Return of Samus,GB,1991,Adventure,Nintendo,0.85,0.31,0.56,0.04,1.76
922,WWF Attitude,PS,1998,Fighting,Acclaim Entertainment,1.27,0.42,0,0.07,1.76
923,The SpongeBob SquarePants Movie,PS2,2004,Platform,THQ,1.06,0.54,0,0.16,1.76
924,Golden Sun,GBA,2001,Role-Playing,Nintendo,0.93,0.38,0.4,0.06,1.76
925,High School Musical: Sing It!,Wii,2007,Misc,Disney Interactive Studios,1.15,0.45,0,0.16,1.76
926,Kid Icarus,NES,1986,Platform,Nintendo,0.53,0.12,1.09,0.02,1.76
927,Sonic the Hedgehog 3,GEN,1994,Platform,Sega,1.02,0.47,0.2,0.07,1.76
928,Def Jam: Fight for NY,PS2,2004,Action,Electronic Arts,0.86,0.67,0,0.22,1.76
929,Tom Clancy's Ghost Recon,XB,2002,Shooter,Ubisoft,1.23,0.46,0,0.07,1.76
930,State of Emergency,PS2,2002,Action,Take-Two Interactive,0.86,0.67,0,0.22,1.76
931,2 Games in 1 Double Pack: The Incredibles / Finding Nemo: The Continuing Adventures,GBA,2007,Action,THQ,1.26,0.47,0,0.03,1.76
932,Dragon Quest Monsters: Joker,DS,2006,Role-Playing,Square Enix,0.22,0.02,1.49,0.02,1.76
933,The Urbz: Sims in the City,PS2,2004,Simulation,Electronic Arts,0.52,0.95,0,0.29,1.76
934,FIFA 15,XOne,2014,Sports,Electronic Arts,0.43,1.24,0,0.09,1.76
935,Star Wars: Starfighter,PS2,2001,Simulation,Activision,0.61,0.87,0.02,0.26,1.76
936,Madden NFL 2000,PS,1998,Sports,Electronic Arts,1.68,0.04,0,0.04,1.75
937,NBA 2K11,PS3,2010,Sports,Take-Two Interactive,1.38,0.2,0.03,0.15,1.75
938,Star Wars Battlefront,XB,2004,Shooter,Activision,1.24,0.45,0,0.07,1.75
939,Pro Evolution Soccer,PS2,2001,Sports,Konami Digital Entertainment,0.06,0.9,0.53,0.27,1.75
940,Disney's Aladdin,SNES,1993,Platform,Capcom,0.94,0.34,0.21,0.27,1.75
941,Yoshi,NES,1991,Puzzle,Nintendo,0.7,0.13,0.91,0.01,1.75
942,Kirby's Adventure,NES,1993,Platform,Nintendo,0.79,0.14,0.8,0.02,1.75
943,FIFA Soccer 08,PS3,2007,Sports,Electronic Arts,0.35,1.06,0.02,0.32,1.75
944,UFC 2009 Undisputed,PS3,2009,Fighting,THQ,1.05,0.44,0.01,0.24,1.75
945,Dance Dance Revolution X,PS2,2008,Simulation,Konami Digital Entertainment,0.85,0.66,0.01,0.22,1.75
946,2 Games in 1: Disney Princess & The Lion King,GBA,2004,Misc,THQ,1.25,0.46,0,0.03,1.75
947,Star Wars Episode I: The Phantom Menace,PS,1999,Adventure,LucasArts,0.72,0.89,0.04,0.1,1.74
948,Xenosaga Episode I: Der Wille zur Macht,PS2,2002,Role-Playing,Namco Bandai Games,0.63,0.49,0.45,0.17,1.74
949,Cruis'n USA,N64,1996,Racing,Nintendo,1.69,0.04,0,0.01,1.74
950,Madden NFL 99,PS,1998,Sports,Electronic Arts,1.66,0.04,0,0.04,1.74
951,SSX Tricky,PS2,2001,Sports,Electronic Arts,0.85,0.66,0,0.22,1.73
952,Diablo III,PS3,2013,Role-Playing,Activision,0.6,0.67,0.14,0.33,1.73
953,Crackdown,X360,2007,Shooter,Microsoft Game Studios,0.99,0.53,0.03,0.18,1.73
954,Twisted Metal III,PS,1998,Action,989 Studios,1.48,0.2,0,0.05,1.73
955,Harry Potter and the Sorcerer's Stone,GB,2001,Action,Electronic Arts,0.94,0.62,0.1,0.07,1.73
956,Crash Bandicoot: The Huge Adventure,GBA,2002,Platform,Universal Interactive,0.95,0.7,0,0.08,1.73
957,Rockstar Games Double Pack: Grand Theft Auto III & Grand Theft Auto Vice City,PS2,2003,Action,Take-Two Interactive,0.85,0.66,0,0.22,1.72
958,Call of Duty: World at War Final Fronts,PS2,2008,Shooter,Activision,0.61,0.18,0,0.94,1.72
959,The Sims 2: University,PC,2005,Simulation,Electronic Arts,1.68,0.04,0,0,1.72
960,Madden NFL 2005,XB,2004,Sports,Electronic Arts,1.61,0.03,0,0.08,1.72
961,Star Ocean: Till The End of Time,PS2,2003,Role-Playing,Ubisoft,0.8,0.21,0.55,0.15,1.72
962,Toy Story 2: Buzz Lightyear to the Rescue!,PS,1998,Platform,Activision,0.99,0.64,0,0.08,1.71
963,Batman: Arkham Origins,X360,2013,Action,Warner Bros. Interactive Entertainment,1.05,0.52,0,0.14,1.71
964,Ace Combat 5: The Unsung War,PS2,2004,Simulation,Sony Computer Entertainment Europe,0.88,0.34,0.32,0.18,1.71
965,Need for Speed Underground,XB,2003,Racing,Electronic Arts,1.09,0.55,0,0.07,1.71
966,Kanshuu Nippon Joushikiryoku Kentei Kyoukai: Imasara Hito ni wa Kikenai Otona no Joushikiryoku Training DS,DS,2006,Misc,Nintendo,0,0,1.71,0,1.71
967,Tetris Worlds,GBA,2001,Puzzle,THQ,1.25,0.39,0,0.06,1.71
968,Imagine: Teacher,DS,2008,Simulation,Ubisoft,0.7,0.82,0,0.19,1.71
969,The Beatles: Rock Band,Wii,2009,Misc,MTV Games,1.17,0.39,0,0.15,1.71
970,Battlefield 4,XOne,2013,Shooter,Electronic Arts,1.12,0.47,0,0.12,1.7
971,FIFA Soccer 10,PS2,2009,Sports,Electronic Arts,0.23,0.24,0,1.23,1.7
972,Just Cause 2,PS3,2010,Action,Square Enix,0.42,0.9,0.06,0.32,1.7
973,Super Puyo Puyo,SNES,1993,Puzzle,Banpresto,0,0,1.69,0.01,1.7
974,Dragon's Dogma,PS3,2012,Adventure,Capcom,0.36,0.43,0.72,0.18,1.7
975,NCAA Football 07,PS2,2006,Sports,Electronic Arts,1.41,0.05,0,0.23,1.7
976,Ben 10: Protector of Earth,DS,2007,Action,D3Publisher,0.68,0.82,0,0.19,1.7
977,SOCOM 3: U.S. Navy SEALs,PS2,2005,Shooter,Sony Computer Entertainment,1.22,0.34,0.04,0.1,1.69
978,Deal or No Deal,DS,2007,Misc,Mindscape,1.14,0.4,0,0.15,1.69
979,Jampack Winter '99,PS,1999,Misc,Sony Computer Entertainment,0.94,0.64,0,0.11,1.69
980,Cabela's Big Game Hunter 2010,Wii,2009,Sports,Activision Value,1.57,0,0,0.12,1.69
981,WCW vs. nWo: World Tour,N64,1997,Fighting,THQ,1.37,0.28,0.03,0.02,1.69
982,WCW/NWO Thunder,PS,1998,Fighting,THQ,1.1,0.48,0.04,0.07,1.69
983,Harry Potter and the Sorcerer's Stone,GBA,2001,Action,Electronic Arts,0.87,0.66,0.08,0.08,1.69
984,Hitman: Absolution,X360,2012,Action,Square Enix,0.65,0.86,0.01,0.17,1.69
985,Dragon Ball Z: The Legacy of Goku,GBA,2002,Role-Playing,Infogrames,1.52,0.12,0,0.05,1.69
986,LEGO Star Wars III: The Clone Wars,Wii,2011,Action,LucasArts,0.98,0.55,0,0.15,1.69
987,Resident Evil 4,GC,2005,Action,Capcom,0.98,0.42,0.22,0.06,1.69
988,Personal Trainer: Math,DS,2007,Puzzle,Nintendo,0.48,1.12,0,0.08,1.68
989,World Championship Poker: Featuring Howard Lederer - All In,PS2,2006,Misc,Oxygen Interactive,0.82,0.64,0,0.22,1.68
990,Dragon Quest VI: Realms of Revelation,DS,2010,Role-Playing,Nintendo,0.2,0.1,1.35,0.03,1.68
991,NFL GameDay 98,PS,1997,Sports,Sony Computer Entertainment,1.58,0.06,0,0.04,1.68
992,Yoshi's Cookie,GB,1992,Puzzle,Nintendo,0.59,0.24,0.82,0.03,1.68
993,Time Crisis,PS,1997,Shooter,Namco Bandai Games,0.38,0.87,0.33,0.1,1.68
994,The Sims: Superstar,PC,2003,Simulation,Electronic Arts,1.67,0,0,0,1.68
995,Metroid Fusion,GBA,2002,Adventure,Nintendo,1.18,0.27,0.17,0.06,1.68
996,SSX 3,PS2,2003,Sports,Electronic Arts,0.93,0.52,0,0.22,1.67
997,Madden NFL 2001,PS,2000,Sports,Electronic Arts,1.58,0.05,0,0.04,1.67
998,Madden NFL 15,X360,2014,Sports,Electronic Arts,1.52,0.06,0,0.1,1.67
999,Star Wars Battlefront II,XB,2005,Shooter,Activision,1.22,0.39,0,0.06,1.67
1000,Game Party 3,Wii,2009,Puzzle,Warner Bros. Interactive Entertainment,1.4,0.16,0,0.11,1.67
